semantic_portrait_id,transport_profile_id,activity,member_count,slot_names,channels,formulas,notes,shader_slots
SEM_03583B411F57462F,COLOR_RGB_BC1,active,16,EnvironmentSampler,"{""A"": ""Не используется проверенным путём environment-reflection."", ""RGB"": ""Цвет отражения сэмплируется по процедурному отражённому направлению.""}","R=normalize(reflect(−V,N)); uv=−0.5·(R.xz+1); EnvRGB=Environment2D(uv).RGB·reflectivePower","Попиксельной маски отражения нет: reflectivePower задаёт общую силу материала. | Diffuse.A, Spec.A и Spec.RGB напрямую не маскируют, не размывают и не тонируют эту текстуру.",glass_normal_spec_reflect.sps > EnvironmentSampler | glass_reflect.sps > EnvironmentSampler | gta_reflect_alpha.sps > EnvironmentSampler | normal_reflect.sps > EnvironmentSampler | normal_reflect_alpha.sps > EnvironmentSampler | normal_reflect_decal.sps > EnvironmentSampler | normal_reflect_screendooralpha.sps > EnvironmentSampler | normal_spec_reflect.sps > EnvironmentSampler | normal_spec_reflect_alpha.sps > EnvironmentSampler | normal_spec_reflect_decal.sps > EnvironmentSampler | reflect.sps > EnvironmentSampler | reflect_alpha.sps > EnvironmentSampler | reflect_decal.sps > EnvironmentSampler | spec_reflect.sps > EnvironmentSampler | spec_reflect_alpha.sps > EnvironmentSampler | spec_reflect_decal.sps > EnvironmentSampler
SEM_08027913C4D72BDC,NORMAL_XY_AUTO,active,1,BumpSampler,"{""A"": ""Маска blend/записи normal-only decal."", ""B"": ""Не является отдельным художественным каналом в этих branches."", ""RG"": ""Tangent-space normal XY после remap; масштабируется bumpiness.""}","Nxy = (2*Bump.RG-1) * max(bumpiness, 0.001) | normal_write_alpha=BumpSampler.A*DiffuseSampler.A*Colour0.A*globalAlpha",,decal_normal_only.sps > BumpSampler
SEM_08181324D17DA970,LINEAR_R_OR_RG_BC5,active,1,lookupSampler,"{""BA"": ""Не используются."", ""G"": ""Формирует height-aware ширину/приоритет перехода."", ""R"": ""Базовый переход layer0↔layer1.""}","blend = height-aware(Texture0.A, Texture1.A, lookup.RG)",,blend_2lyr.sps > lookupSampler
SEM_0B39DAD8B4540CCE,SKIP_ENGINE_RESOURCE,active,4,DepthMapTexSampler,"{""GBA"": ""Не являются художественными каналами материала."", ""R"": ""Экранная глубина сцены для soft-particle fade.""}",alpha *= saturate((sceneDepth−cloudDepth)/softRange),"Карта подаётся движком, художник её не рисует.",clouds_altitude.sps > DepthMapTexSampler | clouds_animsoft.sps > DepthMapTexSampler | clouds_fog.sps > DepthMapTexSampler | clouds_soft.sps > DepthMapTexSampler
SEM_0C9EA4E9D23D84A5,DIFFUSE_RGBA_AUTO,active,13,DiffuseSampler,"{""A"": ""Opacity для ALPHA или alpha-test для CUTOUT."", ""RGB"": ""Цвет поверхности; после tint/dirt/слоёв vehicle forward core использует его в квадрате.""}","C≈(Diffuse.rgb × tint × Colour0.R, после layer/dirt)^2",,vehicle_badges.sps > DiffuseSampler | vehicle_blurredrotor.sps > DiffuseSampler | vehicle_blurredrotor_emissive.sps > DiffuseSampler | vehicle_cutout.sps > DiffuseSampler | vehicle_dash_emissive.sps > DiffuseSampler | vehicle_decal.sps > DiffuseSampler | vehicle_emissive_alpha.sps > DiffuseSampler | vehicle_lights.sps > DiffuseSampler | vehicle_lightsemissive.sps > DiffuseSampler | vehicle_lightsemissive_siren.sps > DiffuseSampler | vehicle_track_siren.sps > DiffuseSampler | vehicle_vehglass.sps > DiffuseSampler | vehicle_vehglass_inner.sps > DiffuseSampler
SEM_0D3B8A9B6DAF4B80,TODO_SPECIAL_SPEC_BA,active,3,SpecSampler,"{""A"": ""Линейный falloff input: P≈510·A снаружи и P≈512·A у inner."", ""RGB"": ""Интенсивность glass-spec: dot((R²,G²,B), specMapIntMask).""}","I=dot((R²,G²,B),mask)·Colour0.R; P≈(510 или 512)·A; n=3·min(P,500)+558·max(P−500,0)",,vehicle_lights.sps > SpecSampler | vehicle_vehglass.sps > SpecSampler | vehicle_vehglass_inner.sps > SpecSampler
SEM_0F518D6924EB2033,DIFFUSE_RGBA_AUTO,active,1,DiffuseSampler,"{""A"": ""Opacity, прямо умножается на Colour0.A и runtime globalAlpha."", ""RGB"": ""Albedo-only RGB, прямо умножается на Colour0.RGB и runtime emissiveScale.""}",out.RGB=Diffuse.RGB×Colour0.RGB×runtime emissiveScale; out.A=Diffuse.A×Colour0.A×runtime globalAlpha | surface_alpha = DiffuseSampler.A × Colour0.A; затем runtime умножает globalAlpha,,albedo_alpha.sps > DiffuseSampler
SEM_1439DE4A1FD0DC0F,LINEAR_RGBA_BC3,active,2,SpecSampler,"{""A"": ""Попиксельная detail-маска одновременно для detail colour/intensity и normal."", ""B"": ""Не используется обычным decoder для weapon spec."", ""G"": ""Возводимый в квадрат вход falloff/exponent."", ""R"": ""Возводимый в квадрат вход интенсивности direct-spec.""}","I = saturate(Spec.R² · specularIntensityMult) | P = Spec.G²·specularFalloffMult; n = 3·min(P,500) + 558·max(P−500,0) | Q.rgb = Spec.R²·specular2ColorIntensity·specular2Color.rgb·NoH^(Spec.G²·specular2Factor) | gate = 1 − Dxy.x·detailSettings.X·Spec.A; Nxy += 2·Dxy·detailSettings.Y·Spec.A",,weapon_normal_spec_detail_palette.sps > SpecSampler | weapon_normal_spec_detail_tnt.sps > SpecSampler
SEM_15866391C05656BC,LINEAR_RGBA_BC3,active,1,NoiseSampler,"{""RGBA"": ""Shell breakup/depth noise; стабильное per-channel authoring правило не восстановлено.""}",,,ped_fur.sps > NoiseSampler
SEM_15F46AFD226CBB42,SKIP_INACTIVE,inactive,5,DiffuseExtraSampler,"{""A"": ""Это только объявленная зависимость icon/metadata; она отсутствует во всех активных resource tables weapon DXBC и не влияет на поверхность."", ""B"": ""Это только объявленная зависимость icon/metadata; она отсутствует во всех активных resource tables weapon DXBC и не влияет на поверхность."", ""G"": ""Это только объявленная зависимость icon/metadata; она отсутствует во всех активных resource tables weapon DXBC и не влияет на поверхность."", ""R"": ""Это только объявленная зависимость icon/metadata; она отсутствует во всех активных resource tables weapon DXBC и не влияет на поверхность.""}",,Восстановленный source называет это «фиктивным дополнительным diffuse slot для icon textures»; не создавайте его как второй UV diffuse.,weapon_normal_spec_cutout_palette.sps > DiffuseExtraSampler | weapon_normal_spec_detail_palette.sps > DiffuseExtraSampler | weapon_normal_spec_detail_tnt.sps > DiffuseExtraSampler | weapon_normal_spec_palette.sps > DiffuseExtraSampler | weapon_normal_spec_tnt.sps > DiffuseExtraSampler
SEM_16B108F68C986D30,LINEAR_R_OR_RG_BC5,active,6,DetailSampler,"{""A"": ""Не используется; detail mask берётся из Spec.A."", ""B"": ""Не используется."", ""G"": ""Компонента Y касательной нормали."", ""R"": ""Одновременно scalar detail sample и tangent normal X.""}",D=.5*Detail(UV*detailSettings.zw)+.5*Detail(UV*detailSettings.zw*3.17); A_detail=SpecSampler.A; M=1-D.r*detailSettings.x*A_detail; Nxy+=D.xy*detailSettings.y*A_detail,PC branch смешивает два sample масштаба 1× и 3.17× по 0.5.,normal_spec_decal_detail.sps > DetailSampler | normal_spec_detail.sps > DetailSampler | normal_spec_detail_dpm.sps > DetailSampler | normal_spec_detail_dpm_tnt.sps > DetailSampler | normal_spec_detail_dpm_vertdecal_tnt.sps > DetailSampler | normal_spec_detail_tnt.sps > DetailSampler
SEM_172D1D6FE0188A91,NORMAL_XY_AUTO,active,2,BumpSampler,"{""A"": ""Height для legacy one-step parallax."", ""B"": ""Не является отдельным художественным каналом в этих branches."", ""RG"": ""Tangent-space normal XY после remap; масштабируется bumpiness.""}","Nxy = (2*Bump.RG-1) * max(bumpiness, 0.001) | h=Bump.A*parallaxScaleBias-0.5*parallaxScaleBias; UV'=UV+h*normalize(tangentEye).xy",,parallax.sps > BumpSampler | parallax_specmap.sps > BumpSampler
SEM_1FCA54F6FE69148A,DIFFUSE_RGBA_AUTO,active,2,DiffuseSampler,"{""A"": ""Маска эмиссии и surface alpha; в additive-вариантах также формирует premultiplied source color."", ""RGB"": ""Базовый цвет поверхности. Для TNT дополнительно умножается на RGB выбранной палитры.""}",albedo.RGB = DiffuseSampler.RGB × TintPaletteSampler.RGB | emissive = DiffuseSampler.A × emissiveMultiplier × runtime(gEmissiveScale) | surface_alpha = DiffuseSampler.A × Colour0.A,,emissive_alpha_tnt.sps > DiffuseSampler | emissive_tnt.sps > DiffuseSampler
SEM_21BEBB94C09E2C94,LINEAR_R_OR_RG_BC5,active,4,FlowSampler,"{""A"": ""Не используется."", ""B"": ""Не используется."", ""RG"": ""Двумерное направление течения: flow = RG×2−1.""}",flow = Flow.RG×2−1,,water_river.sps > FlowSampler | water_riverlod.sps > FlowSampler | water_rivershallow.sps > FlowSampler | water_shallow.sps > FlowSampler
SEM_27CF209898C4A274,LINEAR_R_OR_RG_BC5,active,1,FurMaskSampler,"{""GBA"": ""Не читаются."", ""R"": ""Множит shell amount/coverage.""}",,,grass_fur_mask.sps > FurMaskSampler
SEM_29206B3B351A0F2E,DIFFUSE_RGBA_AUTO,active,3,DiffuseSampler,"{""A"": ""Прозрачность материала."", ""RGB"": ""Базовый цвет/цвет частицы.""}",,,gta_radar.sps > DiffuseSampler | ptfx_model.sps > DiffuseSampler | radar.sps > DiffuseSampler
SEM_2B413963EE68B186,TODO_SPECIAL_SPEC_BA,active,4,SpecSampler,"{""A"": ""Линейно задаёт falloff-код P≈10·A, но сухая spec-интенсивность deferred core записывается 0."", ""RGB"": ""Не читается для сухой spec-интенсивности; specMapIntMask также compiler-unused.""}",P≈10·Spec.A; dry I=0,,vehicle_cloth.sps > SpecSampler | vehicle_cloth2.sps > SpecSampler | vehicle_interior.sps > SpecSampler | vehicle_interior2.sps > SpecSampler
SEM_2D79D555B58D8DF6,TODO_SPECIAL_SPEC_BA,active,7,SpecSampler,"{""A"": ""Линейный falloff input фиксированного vehicle-spec пути."", ""RGB"": ""Packed scalar spec: R/G читаются квадратично, B линейно.""}","I≈dot((R²,G²,B),mask)·Colour0.R; A→fixed falloff path",,vehicle_decal.sps > SpecSampler | vehicle_detail2.sps > SpecSampler | vehicle_emissive_alpha.sps > SpecSampler | vehicle_emissive_opaque.sps > SpecSampler | vehicle_lightsemissive.sps > SpecSampler | vehicle_lightsemissive_siren.sps > SpecSampler | vehicle_track_siren.sps > SpecSampler
SEM_2D892207A85FF1DB,PALETTE_RGBA8,active,5,TintPaletteSampler,"{""A"": ""В проверенной цветовой модуляции художественная роль не установлена."", ""RGB"": ""Tint, умножаемый на diffuse RGB.""}",,"Координата X берётся из Colour0.B, строка — из tintPaletteSelector.",cloth_normal_spec_tnt.sps > TintPaletteSampler | trees_lod_tnt.sps > TintPaletteSampler | trees_normal_diffspec_tnt.sps > TintPaletteSampler | trees_normal_spec_tnt.sps > TintPaletteSampler | trees_tnt.sps > TintPaletteSampler
SEM_2E3EA99A7A846104,LINEAR_RGB_BC1,active,3,SpecSampler,"{""A"": ""Не используется обычным non-detail decoder для weapon spec."", ""B"": ""Не используется обычным decoder для weapon spec."", ""G"": ""Возводимый в квадрат вход falloff/exponent."", ""R"": ""Возводимый в квадрат вход интенсивности direct-spec.""}","I = saturate(Spec.R² · specularIntensityMult) | P = Spec.G²·specularFalloffMult; n = 3·min(P,500) + 558·max(P−500,0) | Q.rgb = Spec.R²·specular2ColorIntensity·specular2Color.rgb·NoH^(Spec.G²·specular2Factor)",,weapon_normal_spec_cutout_palette.sps > SpecSampler | weapon_normal_spec_palette.sps > SpecSampler | weapon_normal_spec_tnt.sps > SpecSampler
SEM_30101C758F4A4D0C,DIFFUSE_RGBA_AUTO,active,1,DiffuseSampler,"{""A"": ""Вход alpha/opacity поверхности; opaque bucket обычно сам по себе не превращает его в cutout."", ""RGB"": ""Базовый цвет/цвет эмиссии. Освещённое ядро оружия использует цвет после palette/tint-коррекции и возведения RGB в квадрат.""}",,Преобразование raw texture-byte в shader sample происходит вне DXBC и здесь не доказано.,weapon_normal_spec_alpha.sps > DiffuseSampler
SEM_3054A8EA04D6B82F,LINEAR_RGB_BC1,active,1,FoamSampler,"{""A"": ""Не используется."", ""B"": ""Не используется."", ""G"": ""Статическая маска береговой пены."", ""R"": ""Не используется.""}",alpha ≈ saturate(Foam.G × engineBump.R × heightFactor × Colour0.A × engineWet.R),,water_terrainfoam.sps > FoamSampler
SEM_32077C77D80BB001,DIFFUSE_RGBA_AUTO,active,44,DiffuseSampler,"{""A"": ""Surface opacity: decal blend или cutout; в detail-diffspec дополнительно A_detail."", ""RGB"": ""Albedo. В diffspec также источник I/P; у specialised decal может быть маской, а не выводимым цветом.""}",alpha_surface = Diffuse.A * Colour0.A * globalAlpha,,cutout_um.sps > DiffuseSampler | decal.sps > DiffuseSampler | decal_diff_only_um.sps > DiffuseSampler | decal_emissive_only.sps > DiffuseSampler | decal_emissivenight_only.sps > DiffuseSampler | decal_glue.sps > DiffuseSampler | decal_normal_spec_um.sps > DiffuseSampler | decal_shadow_only.sps > DiffuseSampler | decal_tnt.sps > DiffuseSampler | default_detail.sps > DiffuseSampler | default_terrain_wet.sps > DiffuseSampler | default_um.sps > DiffuseSampler | normal_cutout_um.sps > DiffuseSampler | normal_decal.sps > DiffuseSampler | normal_decal_pxm.sps > DiffuseSampler | normal_decal_pxm_tnt.sps > DiffuseSampler | normal_decal_tnt.sps > DiffuseSampler | normal_detail.sps > DiffuseSampler | normal_detail_dpm.sps > DiffuseSampler | normal_pxm.sps > DiffuseSampler | normal_pxm_tnt.sps > DiffuseSampler | normal_spec_decal.sps > DiffuseSampler | normal_spec_decal_detail.sps > DiffuseSampler | normal_spec_decal_nopuddle.sps > DiffuseSampler | normal_spec_decal_pxm.sps > DiffuseSampler | normal_spec_decal_tnt.sps > DiffuseSampler | normal_spec_detail.sps > DiffuseSampler | normal_spec_detail_dpm.sps > DiffuseSampler | normal_spec_detail_dpm_tnt.sps > DiffuseSampler | normal_spec_detail_dpm_vertdecal_tnt.sps > DiffuseSampler | normal_spec_detail_tnt.sps > DiffuseSampler | normal_spec_dpm.sps > DiffuseSampler | normal_spec_pxm.sps > DiffuseSampler | normal_spec_pxm_tnt.sps > DiffuseSampler | normal_spec_tnt_pxm.sps > DiffuseSampler | normal_spec_um.sps > DiffuseSampler | normal_spec_wrinkle.sps > DiffuseSampler | normal_terrain_wet.sps > DiffuseSampler | normal_tnt_pxm.sps > DiffuseSampler | normal_um.sps > DiffuseSampler | normal_um_tnt.sps > DiffuseSampler | parallax.sps > DiffuseSampler | parallax_specmap.sps > DiffuseSampler | spec_decal.sps > DiffuseSampler
SEM_32F7442900F7BA7C,NORMAL_XY_AUTO,active,1,FontNormalSampler,"{""BA"": ""Не используются в проверенном plate deferred-пути."", ""RG"": ""XY normal символов, центр 0.5; сила задаётся FontNormalScale.""}","N.xy=(2·RG−1)·scale; N.z=sqrt(|1−dot(N.xy,N.xy)|)",,vehicle_licenseplate.sps > FontNormalSampler
SEM_33A8197AD349F4DA,DIFFUSE_RGBA_AUTO,active,1,DiffuseSampler,"{""A"": ""Прозрачность/маска cutout; у mirror_decal именно A управляет вкладом отражения."", ""RGB"": ""Базовый цвет/цвет частицы.""}",alpha = Diffuse.A × Colour0.A × globalAlpha,,mirror_decal.sps > DiffuseSampler
SEM_34DDE3C132C653B0,DIFFUSE_RGBA_AUTO,active,2,DiffuseSampler,"{""A"": ""Маска эмиссии; в alpha-capable passes также задаёт непрозрачность поверхности."", ""RGB"": ""Базовый цвет/цвет эмиссии.""}",E = Diffuse.A·emissiveMultiplier·gEmissiveScale·gDayNightEffects·Colour0.B,,normal_spec_reflect_emissivenight.sps > DiffuseSampler | normal_spec_reflect_emissivenight_alpha.sps > DiffuseSampler
SEM_3515587B49B051E7,TODO_SPECIAL_SPEC_BA,active,4,SpecSampler,"{""A"": ""Линейный falloff/exponent input."", ""RGB"": ""Линейно сводится specMapIntMask в scalar intensity; R/G здесь НЕ квадратятся.""}","Ipack = 4·dot(RGB,mask)·SpecInt; P = A·SpecFalloff",,trees_normal_diffspec.sps > SpecSampler | trees_normal_diffspec_tnt.sps > SpecSampler | trees_normal_spec.sps > SpecSampler | trees_normal_spec_tnt.sps > SpecSampler
SEM_36675D1FEDDE4AF6,PALETTE_RGBA8,active,4,TextureSamplerDiffPal,"{""A"": ""Художественная семантика не подтверждена; lookup использует RGB."", ""RGB"": ""Цвет, которым палитра модулирует diffuse.""}",,"Сэмплируется только palette/tint hair FXC; наличие слота в registry не означает, что базовый ped его читает.",ped_default_palette.sps > TextureSamplerDiffPal | ped_hair_cutout_alpha.sps > TextureSamplerDiffPal | ped_hair_spiked.sps > TextureSamplerDiffPal | ped_palette.sps > TextureSamplerDiffPal
SEM_3735A2D94A77DAE6,TODO_SPECIAL_SPEC_BA,active,1,SpecSampler,"{""A"": ""Линейный exponent/falloff; при detail также A_detail."", ""B"": ""Линейный weighted intensity через specMapIntMask.B."", ""G"": ""Квадратится; weighted intensity через specMapIntMask.G; у spec-only ещё blend alpha."", ""R"": ""Квадратится; weighted intensity через specMapIntMask.R.""}","S=(Spec.R^2,Spec.G^2,Spec.B,Spec.A); I=dot(S.rgb,specMapIntMask.xyz)*specularIntensityMult; P=S.a*specularFalloffMult | alpha=(SpecSampler.G)^2",,decal_spec_only.sps > SpecSampler
SEM_39693CAA467C3164,TODO_SPECIAL_SPEC_BA,active,11,SpecSampler,"{""A"": ""Линейный falloff/gloss input, умножается на specularFalloffMult."", ""RGB"": ""Скалярная интенсивность: dot((R²,G²,B), specMapIntMask).""}","I=dot((R²,G²,B),mask)·SpecIntensity·Colour0.R; P=A·SpecFalloff; n=3·min(P,500)+558·max(P−500,0)",,vehicle_badges.sps > SpecSampler | vehicle_basic.sps > SpecSampler | vehicle_cutout.sps > SpecSampler | vehicle_decal2.sps > SpecSampler | vehicle_detail.sps > SpecSampler | vehicle_generic.sps > SpecSampler | vehicle_track.sps > SpecSampler | vehicle_track2.sps > SpecSampler | vehicle_track2_emissive.sps > SpecSampler | vehicle_track_ammo.sps > SpecSampler | vehicle_track_emissive.sps > SpecSampler
SEM_3B0F343B44595192,LINEAR_RGBA_BC3,active,1,DiffuseSampler,"{""A"": ""Surface opacity: decal blend или cutout; в detail-diffspec дополнительно A_detail."", ""RGB"": ""Входит в 1-dot(RGB,AmbientDecalMask).""}","alpha_surface = Diffuse.A * Colour0.A * globalAlpha | blend=saturate(1-dot(Diffuse.rgb,AmbientDecalMask.xyz))*Diffuse.a*Colour0.a*globalAlpha*gAmbientOcclusionEffect.x",,decal_amb_only.sps > DiffuseSampler
SEM_3D5A21DE38BA51EB,LINEAR_R_OR_RG_BC5,active,3,AnisoNoiseSpecSampler,"{""GBA"": ""Не читаются в inspected deferred hair path."", ""R"": ""Возмущает направление прядей и анизотропный блик.""}",,,ped_hair_cutout_alpha.sps > AnisoNoiseSpecSampler | ped_hair_cutout_alpha_cloth.sps > AnisoNoiseSpecSampler | ped_hair_spiked.sps > AnisoNoiseSpecSampler
SEM_3F073454422ED93F,DIFFUSE_RGBA_AUTO,active,1,DiffuseSampler,"{""A"": ""Альфа поверхности."", ""RGB"": ""Базовый albedo и исходник двух generated-diffspec сигналов; в TNT spec вычисляется до palette tint.""}","L1=dot(Diffuse.RGB,SpecDesaturateIntensity.XYZ); S1=Overlay(L1,SpecDesaturateIntensity.W); L2=dot(Diffuse.RGB,SpecDesaturateExponent.XYZ); S2=Overlay(L2,SpecDesaturateExponent.W); I=dot((S1,S2,0),specMapIntMask)·specularIntensityMult | T=TintPaletteSampler(Colour0.B,tintPaletteSelector.X); albedo=DiffuseSampler.RGB×T.RGB | surface_alpha = DiffuseSampler.A × Colour0.A; затем runtime умножает globalAlpha",,normal_diffspec_tnt.sps > DiffuseSampler
SEM_4179DAB27448A38B,DIFFUSE_RGBA_AUTO,active,11,DiffuseSampler,"{""A"": ""Alpha-test coverage: масштабируется AlphaScale и сравнивается с AlphaTest."", ""RGB"": ""Цвет листвы/коры.""}",clip when Diffuse.A·AlphaScale·globalAlpha < AlphaTest,,trees.sps > DiffuseSampler | trees_lod.sps > DiffuseSampler | trees_lod2.sps > DiffuseSampler | trees_lod_tnt.sps > DiffuseSampler | trees_normal.sps > DiffuseSampler | trees_normal_diffspec.sps > DiffuseSampler | trees_normal_diffspec_tnt.sps > DiffuseSampler | trees_normal_spec.sps > DiffuseSampler | trees_normal_spec_tnt.sps > DiffuseSampler | trees_shadow_proxy.sps > DiffuseSampler | trees_tnt.sps > DiffuseSampler
SEM_42DF859D403112AE,DIFFUSE_RGBA_AUTO,active,4,DiffuseSampler,"{""A"": ""Surface opacity: decal blend или cutout; в detail-diffspec дополнительно A_detail."", ""RGB"": ""Albedo. В diffspec также источник I/P; у specialised decal может быть маской, а не выводимым цветом.""}","I=overlay(dot(Diffuse.rgb,SpecDesaturateIntensity.xyz),SpecDesaturateIntensity.w)*specularIntensityMult; P=overlay(dot(Diffuse.rgb,SpecDesaturateExponent.xyz),SpecDesaturateExponent.w) | alpha_surface = Diffuse.A * Colour0.A * globalAlpha",,normal_diffspec_detail.sps > DiffuseSampler | normal_diffspec_detail_dpm.sps > DiffuseSampler | normal_diffspec_detail_dpm_tnt.sps > DiffuseSampler | normal_diffspec_detail_tnt.sps > DiffuseSampler
SEM_44A8211FFB386091,DIFFUSE_RGBA_AUTO,active,10,DiffuseSampler,"{""A"": ""Surface alpha; в CUTOUT также источник alpha-test."", ""RGB"": ""Базовый цвет поверхности. DXBC не доказывает transfer-функцию исходного DDS.""}","T=TintPaletteSampler(Colour0.B,tintPaletteSelector.X); albedo=DiffuseSampler.RGB×T.RGB | surface_alpha = DiffuseSampler.A × Colour0.A; затем runtime умножает globalAlpha",,cutout_spec_tnt.sps > DiffuseSampler | cutout_tnt.sps > DiffuseSampler | default_tnt.sps > DiffuseSampler | normal_cutout_tnt.sps > DiffuseSampler | normal_spec_cutout_tnt.sps > DiffuseSampler | normal_spec_tnt.sps > DiffuseSampler | normal_tnt.sps > DiffuseSampler | normal_tnt_alpha.sps > DiffuseSampler | spec_tnt.sps > DiffuseSampler | spec_twiddle_tnt.sps > DiffuseSampler
SEM_4B4A57B8D59EECB6,LINEAR_RGBA_BC3,active,11,SpecSampler,"{""A"": ""Линейный вход falloff/exponent."", ""B"": ""Линейный член интенсивности с весом specMapIntMask.B."", ""G"": ""Квадратичный член интенсивности с весом specMapIntMask.G."", ""R"": ""Квадратичный член интенсивности с весом specMapIntMask.R.""}","I = saturate(dot((R²,G²,B), specMapIntMask)·specularIntensityMult); P = A·specularFalloffMult","Параметр управляет отдельным скалярным белым прямым бликом, а не цветом или размытием EnvironmentSampler.",glass_normal_spec_reflect.sps > SpecSampler | normal_spec_cubemap_reflect.sps > SpecSampler | normal_spec_reflect.sps > SpecSampler | normal_spec_reflect_alpha.sps > SpecSampler | normal_spec_reflect_decal.sps > SpecSampler | normal_spec_reflect_emissivenight.sps > SpecSampler | normal_spec_reflect_emissivenight_alpha.sps > SpecSampler | spec_reflect.sps > SpecSampler | spec_reflect_alpha.sps > SpecSampler | spec_reflect_decal.sps > SpecSampler | weapon_normal_spec_alpha.sps > SpecSampler
SEM_50EA89D49878934A,LINEAR_RGB_BC1,active,1,perlinSampler,"{""A"": ""Генерируется как 0 в исследованном update path."", ""B"": ""Перенормированный исходный шум."", ""G"": ""Смещённая плотность."", ""R"": ""Пороговая плотность облака.""}",,,sky_system.sps > perlinSampler
SEM_52E1A0902668FB02,PALETTE_RGBA8,active,3,TextureSamplerDiffPal,"{""A"": ""В проверенной palette-ветви стабильная artist-facing роль не установлена."", ""RGB"": ""Множитель, выбранный кодом Diffuse.A и строкой paletteSelector.""}","code=floor(Diffuse.A·255.01); u=(code−32)/128; pal=DiffPal(u,paletteSelector)",,weapon_normal_spec_cutout_palette.sps > TextureSamplerDiffPal | weapon_normal_spec_detail_palette.sps > TextureSamplerDiffPal | weapon_normal_spec_palette.sps > TextureSamplerDiffPal
SEM_54AD86BAB78C04FC,NORMAL_XY_AUTO,active,18,BumpSampler,"{""A"": ""Не читается при восстановлении нормали."", ""B"": ""Не читается при восстановлении нормали."", ""RG"": ""XY нормали в касательном пространстве: (2·RG−1)·max(bumpiness,0.001).""}","Nxy = (2·Bump.RG − 1) · max(bumpiness, 0.001)",,glass_normal_spec_reflect.sps > BumpSampler | normal_cubemap_reflect.sps > BumpSampler | normal_reflect.sps > BumpSampler | normal_reflect_alpha.sps > BumpSampler | normal_reflect_decal.sps > BumpSampler | normal_reflect_screendooralpha.sps > BumpSampler | normal_spec_cubemap_reflect.sps > BumpSampler | normal_spec_reflect.sps > BumpSampler | normal_spec_reflect_alpha.sps > BumpSampler | normal_spec_reflect_decal.sps > BumpSampler | normal_spec_reflect_emissivenight.sps > BumpSampler | normal_spec_reflect_emissivenight_alpha.sps > BumpSampler | weapon_normal_spec_alpha.sps > BumpSampler | weapon_normal_spec_cutout_palette.sps > BumpSampler | weapon_normal_spec_detail_palette.sps > BumpSampler | weapon_normal_spec_detail_tnt.sps > BumpSampler | weapon_normal_spec_palette.sps > BumpSampler | weapon_normal_spec_tnt.sps > BumpSampler
SEM_55CA30E417FD7662,PALETTE_RGBA8,active,14,TintPaletteSampler,"{""A"": ""Сэмплируется в float4, но отдельное художественное использование A в этом path не доказано."", ""RGB"": ""Множитель albedo после point/clamp palette lookup.""}","Tint=TintPaletteSampler(float2(Colour0.B,tintPaletteSelector.X)); Albedo.rgb*=Tint.rgb",,decal_tnt.sps > TintPaletteSampler | normal_decal_pxm_tnt.sps > TintPaletteSampler | normal_decal_tnt.sps > TintPaletteSampler | normal_diffspec_detail_dpm_tnt.sps > TintPaletteSampler | normal_diffspec_detail_tnt.sps > TintPaletteSampler | normal_pxm_tnt.sps > TintPaletteSampler | normal_spec_decal_tnt.sps > TintPaletteSampler | normal_spec_detail_dpm_tnt.sps > TintPaletteSampler | normal_spec_detail_dpm_vertdecal_tnt.sps > TintPaletteSampler | normal_spec_detail_tnt.sps > TintPaletteSampler | normal_spec_pxm_tnt.sps > TintPaletteSampler | normal_spec_tnt_pxm.sps > TintPaletteSampler | normal_tnt_pxm.sps > TintPaletteSampler | normal_um_tnt.sps > TintPaletteSampler
SEM_5676B87B00907E27,COLOR_RGB_BC1,active,1,StarFieldSampler,"{""A"": ""Отдельно не используется."", ""RGB"": ""Цвет звёзд; примерно saturate(RGB×2−0.1)×starfieldIntensity.""}",stars=saturate(StarField.RGB×2−0.1)×starfieldIntensity,,sky_system.sps > StarFieldSampler
SEM_5882847584F3EEED,PALETTE_RGBA8,active,11,TintPaletteSampler,"{""A"": ""В проверенном основном deferred lit-пути не используется."", ""RGB"": ""Палитровый RGB-множитель albedo.""}","T=TintPaletteSampler(Colour0.B,tintPaletteSelector.X); albedo=DiffuseSampler.RGB×T.RGB",Координаты формируются из Colour0.B и tintPaletteSelector.X; это не обычная UV-текстура.,cutout_spec_tnt.sps > TintPaletteSampler | cutout_tnt.sps > TintPaletteSampler | default_tnt.sps > TintPaletteSampler | normal_cutout_tnt.sps > TintPaletteSampler | normal_diffspec_tnt.sps > TintPaletteSampler | normal_spec_cutout_tnt.sps > TintPaletteSampler | normal_spec_tnt.sps > TintPaletteSampler | normal_tnt.sps > TintPaletteSampler | normal_tnt_alpha.sps > TintPaletteSampler | spec_tnt.sps > TintPaletteSampler | spec_twiddle_tnt.sps > TintPaletteSampler
SEM_58EEFDF3A38BDF92,LINEAR_R_OR_RG_BC5,active,2,DetailSampler,"{""A"": ""Не читается проверенной detail-ветвью."", ""B"": ""Не читается проверенной detail-ветвью."", ""RG"": ""Два sample объединяются в detail-сигнал Dxy.""}",Dxy = Detail(uv·ZW).RG + Detail(uv·ZW·3.17).RG − 1 | gate = 1 − Dxy.x·detailSettings.X·Spec.A; Nxy += 2·Dxy·detailSettings.Y·Spec.A,,weapon_normal_spec_detail_palette.sps > DetailSampler | weapon_normal_spec_detail_tnt.sps > DetailSampler
SEM_5B4603C4239AB415,NORMAL_XY_AUTO,active,22,BumpSampler | DetailNormal2Sampler | DetailNormalSampler | normalSampler,"{""A"": ""Не отдельная художественная маска; физическая упаковка normal map зависит от формата текстуры."", ""RGB"": ""Тангенсная нормаль после GTA-декодирования; X/Y задают наклон, Z восстанавливается/нормализуется.""}",,,clouds_altitude.sps > DetailNormal2Sampler | clouds_altitude.sps > DetailNormalSampler | clouds_altitude.sps > normalSampler | clouds_anim.sps > DetailNormal2Sampler | clouds_anim.sps > DetailNormalSampler | clouds_anim.sps > normalSampler | clouds_animsoft.sps > DetailNormal2Sampler | clouds_animsoft.sps > DetailNormalSampler | clouds_animsoft.sps > normalSampler | clouds_fast.sps > normalSampler | clouds_fog.sps > normalSampler | clouds_soft.sps > normalSampler | glass.sps > BumpSampler | glass_breakable.sps > BumpSampler | glass_breakable_screendooralpha.sps > BumpSampler | glass_displacement.sps > BumpSampler | glass_emissive.sps > BumpSampler | glass_emissive_alpha.sps > BumpSampler | glass_emissivenight.sps > BumpSampler | glass_emissivenight_alpha.sps > BumpSampler | glass_env.sps > BumpSampler | mirror_decal.sps > BumpSampler
SEM_6585B3C2E7481ACC,SKIP_INACTIVE,inactive,2,SpecSampler,"{""RGBA"": ""Слот объявлен в Sollumz, но основной HQ draw-проход его не бинит: карта не влияет на этот проход.""}",,,vehicle_dash_emissive.sps > SpecSampler | vehicle_dash_emissive_opaque.sps > SpecSampler
SEM_65D26752D3E6373C,LINEAR_RGBA_BC3,active,42,DirtSampler,"{""A"": ""Стабильная независимая художественная функция в проверенных путях не доказана."", ""B"": ""Второй dirt-level sample для runtime интерполяции."", ""G"": ""Модифицирует остаток clean/dirt blend; карта не является обычной grayscale-маской."", ""R"": ""Один из dirt-level samples; смешивается с B по глобальному wet/dirt состоянию.""}",,Лучше использовать vanilla vehicle dirt packing.,vehicle_cloth.sps > DirtSampler | vehicle_cloth2.sps > DirtSampler | vehicle_decal2.sps > DirtSampler | vehicle_detail.sps > DirtSampler | vehicle_emissive_alpha.sps > DirtSampler | vehicle_emissive_opaque.sps > DirtSampler | vehicle_licenseplate.sps > DirtSampler | vehicle_lights.sps > DirtSampler | vehicle_lightsemissive.sps > DirtSampler | vehicle_lightsemissive_siren.sps > DirtSampler | vehicle_mesh.sps > DirtSampler | vehicle_mesh2_enveff.sps > DirtSampler | vehicle_mesh_enveff.sps > DirtSampler | vehicle_nosplash.sps > DirtSampler | vehicle_nowater.sps > DirtSampler | vehicle_paint1.sps > DirtSampler | vehicle_paint1_enveff.sps > DirtSampler | vehicle_paint2.sps > DirtSampler | vehicle_paint2_enveff.sps > DirtSampler | vehicle_paint3.sps > DirtSampler | vehicle_paint3_enveff.sps > DirtSampler | vehicle_paint3_lvr.sps > DirtSampler | vehicle_paint4.sps > DirtSampler | vehicle_paint4_emissive.sps > DirtSampler | vehicle_paint4_enveff.sps > DirtSampler | vehicle_paint5_enveff.sps > DirtSampler | vehicle_paint6.sps > DirtSampler | vehicle_paint6_enveff.sps > DirtSampler | vehicle_paint7.sps > DirtSampler | vehicle_paint7_enveff.sps > DirtSampler | vehicle_paint8.sps > DirtSampler | vehicle_paint9.sps > DirtSampler | vehicle_tire.sps > DirtSampler | vehicle_tire_emissive.sps > DirtSampler | vehicle_track.sps > DirtSampler | vehicle_track2.sps > DirtSampler | vehicle_track2_emissive.sps > DirtSampler | vehicle_track_ammo.sps > DirtSampler | vehicle_track_emissive.sps > DirtSampler | vehicle_track_siren.sps > DirtSampler | vehicle_vehglass.sps > DirtSampler | vehicle_vehglass_inner.sps > DirtSampler
SEM_66A9FBE02B7E8941,TODO_SPECIAL_SPEC_BA,active,20,SpecSampler,"{""A"": ""Вспомогательная ped skin/detail маска; не falloff и не переносима как generic spec A."", ""B"": ""Код класса кожи: пороги около 13/16…15/16 включают skin/subsurface ветви; не цвет блика."", ""G"": ""Falloff/exponent input; читается с квадратом."", ""R"": ""Интенсивность обычного блика; читается с квадратом.""}",I = R²·SpecInt; P = G²·SpecFalloff,В ped_alpha основной проверенный forward-путь использует R²/G²; B/A там не формируют обычный spec.,ped.sps > SpecSampler | ped_alpha.sps > SpecSampler | ped_cloth.sps > SpecSampler | ped_cloth_enveff.sps > SpecSampler | ped_decal_decoration.sps > SpecSampler | ped_decal_expensive.sps > SpecSampler | ped_decal_nodiff.sps > SpecSampler | ped_emissive.sps > SpecSampler | ped_enveff.sps > SpecSampler | ped_fur.sps > SpecSampler | ped_hair_cutout_alpha.sps > SpecSampler | ped_hair_cutout_alpha_cloth.sps > SpecSampler | ped_hair_spiked.sps > SpecSampler | ped_nopeddamagedecals.sps > SpecSampler | ped_palette.sps > SpecSampler | ped_wrinkle.sps > SpecSampler | ped_wrinkle_cloth.sps > SpecSampler | ped_wrinkle_cloth_enveff.sps > SpecSampler | ped_wrinkle_cs.sps > SpecSampler | ped_wrinkle_enveff.sps > SpecSampler
SEM_699C23DEAE7FB095,LINEAR_R_OR_RG_BC5,active,2,DetailSampler,"{""A"": ""Не используется; detail mask берётся из 1."", ""B"": ""Не используется."", ""G"": ""Компонента Y касательной нормали."", ""R"": ""Одновременно scalar detail sample и tangent normal X.""}",D=.5*Detail(UV*detailSettings.zw)+.5*Detail(UV*detailSettings.zw*3.17); A_detail=1; M=1-D.r*detailSettings.x*A_detail; Nxy+=D.xy*detailSettings.y*A_detail,PC branch смешивает два sample масштаба 1× и 3.17× по 0.5.,normal_detail.sps > DetailSampler | normal_detail_dpm.sps > DetailSampler
SEM_6C2C8726336939B7,LINEAR_R_OR_RG_BC5,active,28,heightMapSamplerLayer0 | heightMapSamplerLayer1 | heightMapSamplerLayer2 | heightMapSamplerLayer3,"{""A"": ""Не используется в исследованном пути."", ""B"": ""Не используется в исследованном пути."", ""G"": ""В этой не-SPM перестановке отдельно не используется."", ""R"": ""Высота для parallax/height offset.""}",,,terrain_cb_w_4lyr_2tex_blend_pxm.sps > heightMapSamplerLayer0 | terrain_cb_w_4lyr_2tex_blend_pxm.sps > heightMapSamplerLayer1 | terrain_cb_w_4lyr_2tex_blend_pxm.sps > heightMapSamplerLayer2 | terrain_cb_w_4lyr_2tex_blend_pxm.sps > heightMapSamplerLayer3 | terrain_cb_w_4lyr_2tex_pxm.sps > heightMapSamplerLayer0 | terrain_cb_w_4lyr_2tex_pxm.sps > heightMapSamplerLayer1 | terrain_cb_w_4lyr_2tex_pxm.sps > heightMapSamplerLayer2 | terrain_cb_w_4lyr_2tex_pxm.sps > heightMapSamplerLayer3 | terrain_cb_w_4lyr_cm_pxm.sps > heightMapSamplerLayer0 | terrain_cb_w_4lyr_cm_pxm.sps > heightMapSamplerLayer1 | terrain_cb_w_4lyr_cm_pxm.sps > heightMapSamplerLayer2 | terrain_cb_w_4lyr_cm_pxm.sps > heightMapSamplerLayer3 | terrain_cb_w_4lyr_cm_pxm_tnt.sps > heightMapSamplerLayer0 | terrain_cb_w_4lyr_cm_pxm_tnt.sps > heightMapSamplerLayer1 | terrain_cb_w_4lyr_cm_pxm_tnt.sps > heightMapSamplerLayer2 | terrain_cb_w_4lyr_cm_pxm_tnt.sps > heightMapSamplerLayer3 | terrain_cb_w_4lyr_pxm.sps > heightMapSamplerLayer0 | terrain_cb_w_4lyr_pxm.sps > heightMapSamplerLayer1 | terrain_cb_w_4lyr_pxm.sps > heightMapSamplerLayer2 | terrain_cb_w_4lyr_pxm.sps > heightMapSamplerLayer3 | terrain_cb_w_4lyr_spec_int_pxm.sps > heightMapSamplerLayer0 | terrain_cb_w_4lyr_spec_int_pxm.sps > heightMapSamplerLayer1 | terrain_cb_w_4lyr_spec_int_pxm.sps > heightMapSamplerLayer2 | terrain_cb_w_4lyr_spec_int_pxm.sps > heightMapSamplerLayer3 | terrain_cb_w_4lyr_spec_pxm.sps > heightMapSamplerLayer0 | terrain_cb_w_4lyr_spec_pxm.sps > heightMapSamplerLayer1 | terrain_cb_w_4lyr_spec_pxm.sps > heightMapSamplerLayer2 | terrain_cb_w_4lyr_spec_pxm.sps > heightMapSamplerLayer3
SEM_6C45745EC62E4A54,DIFFUSE_RGBA_AUTO,active,1,DiffuseSampler,"{""A"": ""Маска эмиссии; в alpha-capable passes также задаёт непрозрачность поверхности."", ""RGB"": ""Базовый цвет/цвет эмиссии.""}",E_lit = emissiveMultiplier·Diffuse.A·gEmissiveScale·Colour0.B²,,weapon_emissivestrong_alpha.sps > DiffuseSampler
SEM_6D18F6D65E68296A,LINEAR_RGBA_BC3,active,1,DiffuseSampler,"{""A"": ""Surface opacity: decal blend или cutout; в detail-diffspec дополнительно A_detail."", ""RGB"": ""Не пишется; карта нужна главным образом как alpha mask normal decal.""}",alpha_surface = Diffuse.A * Colour0.A * globalAlpha,,decal_normal_only.sps > DiffuseSampler
SEM_6DFC9C4C83F6F58E,LINEAR_R_OR_RG_BC5,active,7,heightSampler,"{""A"": ""Не используется."", ""B"": ""Не используется."", ""G"": ""Не используется."", ""R"": ""Height для PXM raymarch или DPM domain displacement.""}",position' = position + normal * ((heightSampler.R + heightBias) * heightScale * globalHeightScale); tess = PNpatch * tessellationMultiplier,В DPM shipped DXBC имя resource — heightTexture; registry key остаётся heightSampler.,normal_detail_dpm.sps > heightSampler | normal_diffspec_detail_dpm.sps > heightSampler | normal_diffspec_detail_dpm_tnt.sps > heightSampler | normal_spec_detail_dpm.sps > heightSampler | normal_spec_detail_dpm_tnt.sps > heightSampler | normal_spec_detail_dpm_vertdecal_tnt.sps > heightSampler | normal_spec_dpm.sps > heightSampler
SEM_70339F15FEA87B00,NORMAL_XY_AUTO,active,20,BumpSampler,"{""A"": ""В основном ped-пути не читается."", ""B"": ""В основном ped-пути не читается."", ""RG"": ""XY-нормаль в tangent space: Nxy = (2·RG−1)·max(bumpiness, 0.001).""}","Nxy = (2·RG−1)·max(bumpiness, 0.001)",,ped.sps > BumpSampler | ped_alpha.sps > BumpSampler | ped_cloth.sps > BumpSampler | ped_cloth_enveff.sps > BumpSampler | ped_decal_decoration.sps > BumpSampler | ped_decal_expensive.sps > BumpSampler | ped_decal_nodiff.sps > BumpSampler | ped_emissive.sps > BumpSampler | ped_enveff.sps > BumpSampler | ped_fur.sps > BumpSampler | ped_hair_cutout_alpha.sps > BumpSampler | ped_hair_cutout_alpha_cloth.sps > BumpSampler | ped_hair_spiked.sps > BumpSampler | ped_nopeddamagedecals.sps > BumpSampler | ped_palette.sps > BumpSampler | ped_wrinkle.sps > BumpSampler | ped_wrinkle_cloth.sps > BumpSampler | ped_wrinkle_cloth_enveff.sps > BumpSampler | ped_wrinkle_cs.sps > BumpSampler | ped_wrinkle_enveff.sps > BumpSampler
SEM_716E7D47E446AA46,NORMAL_XY_AUTO,active,34,BumpSampler,"{""A"": ""Обычная normal ветка A не читает."", ""B"": ""Не является отдельным художественным каналом в этих branches."", ""RG"": ""Tangent-space normal XY после remap; масштабируется bumpiness.""}","Nxy = (2*Bump.RG-1) * max(bumpiness, 0.001)",,decal_normal_spec_um.sps > BumpSampler | normal_cutout_um.sps > BumpSampler | normal_decal.sps > BumpSampler | normal_decal_pxm.sps > BumpSampler | normal_decal_pxm_tnt.sps > BumpSampler | normal_decal_tnt.sps > BumpSampler | normal_detail.sps > BumpSampler | normal_detail_dpm.sps > BumpSampler | normal_diffspec_detail.sps > BumpSampler | normal_diffspec_detail_dpm.sps > BumpSampler | normal_diffspec_detail_dpm_tnt.sps > BumpSampler | normal_diffspec_detail_tnt.sps > BumpSampler | normal_pxm.sps > BumpSampler | normal_pxm_tnt.sps > BumpSampler | normal_spec_decal.sps > BumpSampler | normal_spec_decal_detail.sps > BumpSampler | normal_spec_decal_nopuddle.sps > BumpSampler | normal_spec_decal_pxm.sps > BumpSampler | normal_spec_decal_tnt.sps > BumpSampler | normal_spec_detail.sps > BumpSampler | normal_spec_detail_dpm.sps > BumpSampler | normal_spec_detail_dpm_tnt.sps > BumpSampler | normal_spec_detail_dpm_vertdecal_tnt.sps > BumpSampler | normal_spec_detail_tnt.sps > BumpSampler | normal_spec_dpm.sps > BumpSampler | normal_spec_pxm.sps > BumpSampler | normal_spec_pxm_tnt.sps > BumpSampler | normal_spec_tnt_pxm.sps > BumpSampler | normal_spec_um.sps > BumpSampler | normal_spec_wrinkle.sps > BumpSampler | normal_terrain_wet.sps > BumpSampler | normal_tnt_pxm.sps > BumpSampler | normal_um.sps > BumpSampler | normal_um_tnt.sps > BumpSampler
SEM_73CAC76856151A52,DIFFUSE_RGBA_AUTO,active,14,DiffuseSampler,"{""A"": ""Прозрачность материала."", ""RGB"": ""Базовый цвет/цвет частицы.""}",alpha = Diffuse.A × Colour0.A × globalAlpha,,glass.sps > DiffuseSampler | glass_breakable.sps > DiffuseSampler | glass_breakable_screendooralpha.sps > DiffuseSampler | glass_displacement.sps > DiffuseSampler | glass_emissive.sps > DiffuseSampler | glass_emissive_alpha.sps > DiffuseSampler | glass_emissivenight.sps > DiffuseSampler | glass_emissivenight_alpha.sps > DiffuseSampler | glass_env.sps > DiffuseSampler | glass_pv.sps > DiffuseSampler | glass_pv_env.sps > DiffuseSampler | glass_spec.sps > DiffuseSampler | mirror_crack.sps > DiffuseSampler | mirror_default.sps > DiffuseSampler
SEM_7603335D45C6D6FA,ARRAY_RGBA_READY_DDS,active,1,TextureGrassSampler,"{""A"": ""Активное покрытие deferred-прохода."", ""RGB"": ""Активное альбедо deferred-прохода.""}",,"DiffuseSampler также объявлен, но основной deferred grass PS семплирует TextureGrassSampler.",grass.sps > TextureGrassSampler
SEM_7704C0858F8464D3,LINEAR_RGBA_BC3,active,4,WrinkleMaskSampler_0 | WrinkleMaskSampler_1 | WrinkleMaskSampler_2 | WrinkleMaskSampler_3,"{""A"": ""Независимый вес для соответствующего компонента strength vector."", ""B"": ""Независимый вес для соответствующего компонента strength vector."", ""G"": ""Независимый вес для соответствующего компонента strength vector."", ""R"": ""Независимый вес для соответствующего компонента strength vector.""}","a=dot(M0,S0)+dot(M1,S1); b=dot(M2,S2)+dot(M3,S3); N=lerp(lerp(Bump.xy,WrinkleA.xy,a),WrinkleB.xy,b); N*=bumpiness",,normal_spec_wrinkle.sps > WrinkleMaskSampler_0 | normal_spec_wrinkle.sps > WrinkleMaskSampler_1 | normal_spec_wrinkle.sps > WrinkleMaskSampler_2 | normal_spec_wrinkle.sps > WrinkleMaskSampler_3
SEM_7DB42D9BDA526057,COLOR_RGB_BC1,active,1,DiffuseHfSampler,"{""A"": ""Не читается."", ""RGB"": ""Покомпонентно умножает Diffuse RGB.""}",,,grass_fur_mask.sps > DiffuseHfSampler
SEM_7EC7131FD2DC5A89,PALETTE_RGBA8,active,2,TintPaletteSampler,"{""A"": ""В проверенном tint-пути стабильная artist-facing роль не установлена."", ""RGB"": ""Tint-множитель выбирается через Colour0.B и tintPaletteSelector.X.""}","tint = TintPalette(Colour0.B, tintPaletteSelector.X); RGB *= tint.RGB",,weapon_normal_spec_detail_tnt.sps > TintPaletteSampler | weapon_normal_spec_tnt.sps > TintPaletteSampler
SEM_7FC42C87E502B0D7,COLOR_RGB_BC1,active,5,FogSampler,"{""A"": ""В исследованном основном пути не используется."", ""RGB"": ""Локальный цвет воды/тумана.""}",,,water_river.sps > FogSampler | water_riverlod.sps > FogSampler | water_riverocean.sps > FogSampler | water_rivershallow.sps > FogSampler | water_shallow.sps > FogSampler
SEM_8018C4BA32975C7B,COLOR_RGBA_BC3,active,1,moonSampler,"{""A"": ""Маска видимости; RGB умножается на A."", ""RGB"": ""Цвет диска Луны.""}",moonRGB=moon.RGB×moon.A×moonIntensity,,sky_system.sps > moonSampler
SEM_81469946AA772F3A,DIFFUSE_RGBA_AUTO,active,14,DiffuseSampler2 | DiffuseSampler3,"{""A"": ""Маска: 0 оставляет основной diffuse, 1 выбирает второй слой с tint2."", ""RGB"": ""RGB второго diffuse/livery-слоя.""}","w=Layer.A·matDiffuseColor2.w; C=lerp(Cbase, Layer.rgb·matDiffuseColor2.rgb, w)",,vehicle_cloth2.sps > DiffuseSampler2 | vehicle_paint3.sps > DiffuseSampler2 | vehicle_paint3_enveff.sps > DiffuseSampler2 | vehicle_paint3_lvr.sps > DiffuseSampler3 | vehicle_paint4.sps > DiffuseSampler2 | vehicle_paint4_emissive.sps > DiffuseSampler2 | vehicle_paint4_enveff.sps > DiffuseSampler2 | vehicle_paint5_enveff.sps > DiffuseSampler2 | vehicle_paint6.sps > DiffuseSampler2 | vehicle_paint6_enveff.sps > DiffuseSampler2 | vehicle_paint7.sps > DiffuseSampler2 | vehicle_paint7_enveff.sps > DiffuseSampler2 | vehicle_paint8.sps > DiffuseSampler2 | vehicle_paint9.sps > DiffuseSampler2
SEM_82ABD083B6BDDB1E,DIFFUSE_RGBA_AUTO,active,1,DiffuseSampler,"{""A"": ""Surface opacity: decal blend или cutout; в detail-diffspec дополнительно A_detail."", ""RGB"": ""Умножается на Colour0.RGB и входит в DirtDecalMask dot.""}","alpha=dot((Diffuse.rgb*Colour0.rgb),DirtDecalMask.xyz) | alpha_surface = Diffuse.A * Colour0.A * globalAlpha",,decal_dirt.sps > DiffuseSampler
SEM_840D1A0C69E3B2FE,LINEAR_RGBA_BC3,active,13,SpecSampler,"{""A"": ""Линейный exponent/falloff; при detail также A_detail."", ""B"": ""Линейный weighted intensity через specMapIntMask.B."", ""G"": ""Квадратится; weighted intensity через specMapIntMask.G; у spec-only ещё blend alpha."", ""R"": ""Квадратится; weighted intensity через specMapIntMask.R.""}","S=(Spec.R^2,Spec.G^2,Spec.B,Spec.A); I=dot(S.rgb,specMapIntMask.xyz)*specularIntensityMult; P=S.a*specularFalloffMult",,decal_normal_spec_um.sps > SpecSampler | normal_spec_decal.sps > SpecSampler | normal_spec_decal_nopuddle.sps > SpecSampler | normal_spec_decal_pxm.sps > SpecSampler | normal_spec_decal_tnt.sps > SpecSampler | normal_spec_dpm.sps > SpecSampler | normal_spec_pxm.sps > SpecSampler | normal_spec_pxm_tnt.sps > SpecSampler | normal_spec_tnt_pxm.sps > SpecSampler | normal_spec_um.sps > SpecSampler | normal_spec_wrinkle.sps > SpecSampler | parallax_specmap.sps > SpecSampler | spec_decal.sps > SpecSampler
SEM_89731F8135289D5E,SKIP_ENGINE_RESOURCE,active,1,textureSamp,"{""RGBA"": ""Читается в shadow-технике; видимый цвет кабеля эта карта не задаёт.""}",,Для обычного draw видимый цвет приходит из numeric cable colours.,cable.sps > textureSamp
SEM_89D6190F262DF185,LINEAR_RGB_BC1,active,8,lookupSampler,"{""A"": ""Не используется."", ""RGB"": ""Три координаты смешивания четырёх terrain-слоёв.""}",w0=(1−R)(1−G)(1−B); w1=(1−R)(1−G)B; w2=(1−R)G(1−B); w3=(1−R)GB,,terrain_cb_w_4lyr_2tex_blend.sps > lookupSampler | terrain_cb_w_4lyr_2tex_blend_lod.sps > lookupSampler | terrain_cb_w_4lyr_2tex_blend_pxm.sps > lookupSampler | terrain_cb_w_4lyr_2tex_blend_pxm_spm.sps > lookupSampler | terrain_cb_w_4lyr_cm.sps > lookupSampler | terrain_cb_w_4lyr_cm_pxm.sps > lookupSampler | terrain_cb_w_4lyr_cm_pxm_tnt.sps > lookupSampler | terrain_cb_w_4lyr_cm_tnt.sps > lookupSampler
SEM_8A082D30141BEA63,LINEAR_R_OR_RG_BC5,active,2,DetailSampler,"{""GBA"": ""В проверенном deferred-пути не используются."", ""R"": ""Единственный читаемый канал; семплируется на двух частотах и модулирует diffuse/spec.""}",m=1−detailSettings.x·Spec.A·0.5·[(2R(uv·zw)−1)+(2R(3.17·uv·zw)−1)],,vehicle_detail.sps > DetailSampler | vehicle_detail2.sps > DetailSampler
SEM_8BF329E7C64D1191,TODO_SPECIAL_SPEC_BA,active,19,SpecSampler,"{""A"": ""Жёсткость второго paint-блика: в paint1 exponent второго лоба = 15·A."", ""RGB"": ""Второй цветной paint-блик: intensity mask = dot((R²,G²,B), specMapIntMask).""}","ordinary: I≈SpecIntensity·Colour0.R, P=SpecFalloff; paint2: I₂=dot((R²,G²,B),mask)·Colour0.R, n₂≈15·A",,vehicle_nosplash.sps > SpecSampler | vehicle_nowater.sps > SpecSampler | vehicle_paint1.sps > SpecSampler | vehicle_paint1_enveff.sps > SpecSampler | vehicle_paint2.sps > SpecSampler | vehicle_paint2_enveff.sps > SpecSampler | vehicle_paint3.sps > SpecSampler | vehicle_paint3_enveff.sps > SpecSampler | vehicle_paint3_lvr.sps > SpecSampler | vehicle_paint4.sps > SpecSampler | vehicle_paint4_emissive.sps > SpecSampler | vehicle_paint4_enveff.sps > SpecSampler | vehicle_paint5_enveff.sps > SpecSampler | vehicle_paint6.sps > SpecSampler | vehicle_paint6_enveff.sps > SpecSampler | vehicle_paint7.sps > SpecSampler | vehicle_paint7_enveff.sps > SpecSampler | vehicle_paint8.sps > SpecSampler | vehicle_paint9.sps > SpecSampler
SEM_8CA0E35FB45E5D21,DIFFUSE_RGBA_AUTO,active,2,DiffuseSampler,"{""A"": ""Маска эмиссии и surface alpha; в additive-вариантах также формирует premultiplied source color."", ""RGB"": ""Базовый цвет поверхности. Для TNT дополнительно умножается на RGB выбранной палитры.""}",emissive = DiffuseSampler.A × emissiveMultiplier × runtime(gEmissiveScale) × Colour0.B × runtime(gDayNightEffects) | surface_alpha = DiffuseSampler.A × Colour0.A,,emissivenight.sps > DiffuseSampler | emissivenight_alpha.sps > DiffuseSampler
SEM_8D4513A8442F538B,DIFFUSE_RGBA_AUTO,active,1,DiffuseSampler,"{""A"": ""Маска эмиссии и surface alpha; в additive-вариантах также формирует premultiplied source color."", ""RGB"": ""Базовый цвет поверхности. Для TNT дополнительно умножается на RGB выбранной палитры.""}",emissive = DiffuseSampler.A × emissiveMultiplier × runtime(gEmissiveScale) × Colour0.B × runtime(CalcDayNightVertScale) | surface_alpha = DiffuseSampler.A × Colour0.A,,emissivenight_geomnightonly.sps > DiffuseSampler
SEM_8ECBE338DBE9E0BD,LINEAR_R_OR_RG_BC5,active,4,DetailSampler,"{""A"": ""Не используется; detail mask берётся из Diffuse.A."", ""B"": ""Не используется."", ""G"": ""Компонента Y касательной нормали."", ""R"": ""Одновременно scalar detail sample и tangent normal X.""}",D=.5*Detail(UV*detailSettings.zw)+.5*Detail(UV*detailSettings.zw*3.17); A_detail=DiffuseSampler.A; M=1-D.r*detailSettings.x*A_detail; Nxy+=D.xy*detailSettings.y*A_detail,PC branch смешивает два sample масштаба 1× и 3.17× по 0.5.,normal_diffspec_detail.sps > DetailSampler | normal_diffspec_detail_dpm.sps > DetailSampler | normal_diffspec_detail_dpm_tnt.sps > DetailSampler | normal_diffspec_detail_tnt.sps > DetailSampler
SEM_911731C19B6AA369,SKIP_ENGINE_RESOURCE,active,1,DepthMapTexSampler,"{""GBA"": ""Не являются художественными каналами материала."", ""R"": ""Экранная глубина сцены для soft-particle fade.""}",,"Карта подаётся движком, художник её не рисует.",clouds_anim.sps > DepthMapTexSampler
SEM_916079B5700D30F1,LINEAR_R_OR_RG_BC5,active,9,heightSampler,"{""A"": ""Не используется."", ""B"": ""Не используется."", ""G"": ""Не используется."", ""R"": ""Height для PXM raymarch или DPM domain displacement.""}","maxOff=(-Vt.xy/max(zLimit,Vt.z))*heightScale*globalScale; biasOff=(Vt.xy/max(zLimit,Vt.z))*heightBias*globalScale; UV'=UV+biasOff+maxOff*(1-tracedHeight)",В DPM shipped DXBC имя resource — heightTexture; registry key остаётся heightSampler.,normal_decal_pxm.sps > heightSampler | normal_decal_pxm_tnt.sps > heightSampler | normal_pxm.sps > heightSampler | normal_pxm_tnt.sps > heightSampler | normal_spec_decal_pxm.sps > heightSampler | normal_spec_pxm.sps > heightSampler | normal_spec_pxm_tnt.sps > heightSampler | normal_spec_tnt_pxm.sps > heightSampler | normal_tnt_pxm.sps > heightSampler
SEM_92C18A19C0FDFDC4,VOLUME_RGB_READY_DDS,active,22,VolumeSampler,"{""A"": ""В проверенном deferred-пути не используется."", ""RGB"": ""3D microdetail: компоненты дают мелкую вариацию нормали и/или diffuse.""}",,"Это Texture3D с процедурными координатами из UV0, а не обычная 2D detail-карта.",ped.sps > VolumeSampler | ped_cloth.sps > VolumeSampler | ped_cloth_enveff.sps > VolumeSampler | ped_decal.sps > VolumeSampler | ped_decal_decoration.sps > VolumeSampler | ped_decal_expensive.sps > VolumeSampler | ped_decal_nodiff.sps > VolumeSampler | ped_default.sps > VolumeSampler | ped_default_cloth.sps > VolumeSampler | ped_default_cutout.sps > VolumeSampler | ped_default_enveff.sps > VolumeSampler | ped_default_mp.sps > VolumeSampler | ped_default_palette.sps > VolumeSampler | ped_emissive.sps > VolumeSampler | ped_enveff.sps > VolumeSampler | ped_nopeddamagedecals.sps > VolumeSampler | ped_palette.sps > VolumeSampler | ped_wrinkle.sps > VolumeSampler | ped_wrinkle_cloth.sps > VolumeSampler | ped_wrinkle_cloth_enveff.sps > VolumeSampler | ped_wrinkle_cs.sps > VolumeSampler | ped_wrinkle_enveff.sps > VolumeSampler
SEM_93863569C8DB6A47,LINEAR_RGBA_BC3,active,7,SpecSampler,"{""A"": ""Показатель степени/узость блика: A×specularFalloffMult."", ""B"": ""Линейная добавка интенсивности, если вес B ненулевой."", ""G"": ""Дополнительная интенсивность через G², если вес G в specMapIntMask ненулевой."", ""R"": ""Интенсивность обычного белого блика через R² и specMapIntMask.""}","I=dot((R²,G²,B),specMapIntMask)×specularIntensityMult; n=A×specularFalloffMult","SpecSampler управляет обычным specular-бликом, а не резкостью EnvironmentSampler.",glass_breakable.sps > SpecSampler | glass_breakable_screendooralpha.sps > SpecSampler | glass_displacement.sps > SpecSampler | glass_env.sps > SpecSampler | glass_spec.sps > SpecSampler | mirror_crack.sps > SpecSampler | mirror_default.sps > SpecSampler
SEM_944818A3998F8980,LINEAR_RGBA_BC3,active,22,WrinkleMaskSampler_0 | WrinkleMaskSampler_1 | WrinkleMaskSampler_2 | WrinkleMaskSampler_3 | WrinkleMaskSampler_4 | WrinkleMaskSampler_5,"{""RGBA"": ""Четыре независимые маски, dot с runtime wrinkleMaskStrengths.""}",,,ped_wrinkle.sps > WrinkleMaskSampler_0 | ped_wrinkle.sps > WrinkleMaskSampler_1 | ped_wrinkle.sps > WrinkleMaskSampler_2 | ped_wrinkle.sps > WrinkleMaskSampler_3 | ped_wrinkle_cloth.sps > WrinkleMaskSampler_0 | ped_wrinkle_cloth.sps > WrinkleMaskSampler_1 | ped_wrinkle_cloth.sps > WrinkleMaskSampler_2 | ped_wrinkle_cloth.sps > WrinkleMaskSampler_3 | ped_wrinkle_cloth_enveff.sps > WrinkleMaskSampler_0 | ped_wrinkle_cloth_enveff.sps > WrinkleMaskSampler_1 | ped_wrinkle_cloth_enveff.sps > WrinkleMaskSampler_2 | ped_wrinkle_cloth_enveff.sps > WrinkleMaskSampler_3 | ped_wrinkle_cs.sps > WrinkleMaskSampler_0 | ped_wrinkle_cs.sps > WrinkleMaskSampler_1 | ped_wrinkle_cs.sps > WrinkleMaskSampler_2 | ped_wrinkle_cs.sps > WrinkleMaskSampler_3 | ped_wrinkle_cs.sps > WrinkleMaskSampler_4 | ped_wrinkle_cs.sps > WrinkleMaskSampler_5 | ped_wrinkle_enveff.sps > WrinkleMaskSampler_0 | ped_wrinkle_enveff.sps > WrinkleMaskSampler_1 | ped_wrinkle_enveff.sps > WrinkleMaskSampler_2 | ped_wrinkle_enveff.sps > WrinkleMaskSampler_3
SEM_94A6CC649B7B52CB,DIFFUSE_RGBA_AUTO,active,1,DiffuseSampler,"{""A"": ""Маска эмиссии и surface alpha; в additive-вариантах также формирует premultiplied source color."", ""RGB"": ""Базовый цвет поверхности. Для TNT дополнительно умножается на RGB выбранной палитры.""}","emissive = DiffuseSampler.A × emissiveMultiplier × runtime(gEmissiveScale) × Colour0.B | specMult = 1 − dot(DiffuseSampler.RGB, (0.2125,0.7154,0.0721)); specIntensity=specMult×specularIntensityMult; specFalloff=specMult×specularFalloffMult | surface_alpha = DiffuseSampler.A × Colour0.A",,emissive_speclum.sps > DiffuseSampler
SEM_94B8560FC0A4B5BC,LINEAR_R_OR_RG_BC5,active,1,highDetailSampler,"{""GBA"": ""Не используются."", ""R"": ""Микродеталь облака.""}",,,sky_system.sps > highDetailSampler
SEM_95A5EECD1DF2B105,DIFFUSE_RGBA_AUTO,active,1,DiffuseSampler,"{""A"": ""Surface alpha; в CUTOUT также источник alpha-test."", ""RGB"": ""Базовый цвет поверхности. DXBC не доказывает transfer-функцию исходного DDS.""}","albedo=Diffuse.RGB×lerp(1,instanceColor.RGB,Colour1.R) | surface_alpha = DiffuseSampler.A × Colour0.A; затем runtime умножает globalAlpha",,normal_spec_batch.sps > DiffuseSampler
SEM_9612F9D0C224D839,NORMAL_XY_AUTO,active,1,BumpSampler,"{""A"": ""Не читается проверенным normal decode."", ""B"": ""Не читается проверенным normal decode; Z восстанавливается из X/Y."", ""G"": ""Компонента Y касательного пространства: 2·G−1."", ""R"": ""Компонента X касательного пространства: 2·R−1.""}","nx=(2×BumpSampler.R−1)×max(bumpiness,0.001); ny=(2×BumpSampler.G−1)×max(bumpiness,0.001); nz=sqrt(abs(1−nx²−ny²))",,normal_spec_emissive.sps > BumpSampler
SEM_98D25017590B50F1,TODO_SPECIAL_SPEC_BA,active,6,SpecSampler,"{""A"": ""В основном deferred mesh-пути не является обычным falloff-каналом."", ""B"": ""Участвует в vehicle dirt/spec взаимодействии; это не свободный цветной spec."", ""G"": ""Квадратичная gloss/shape-компонента собственного mesh-spec пути."", ""R"": ""Квадратичная intensity-компонента дополнительного vehicle-spec.""}",Iчасть∝R²·Colour0.R; gloss/shapeчасть∝G²; B участвует в dirt/spec; A не является стандартным falloff,,vehicle_mesh.sps > SpecSampler | vehicle_mesh2_enveff.sps > SpecSampler | vehicle_mesh_enveff.sps > SpecSampler | vehicle_shuts.sps > SpecSampler | vehicle_tire.sps > SpecSampler | vehicle_tire_emissive.sps > SpecSampler
SEM_9B2FFD437A334725,DIFFUSE_RGBA_AUTO,active,24,DiffuseSampler,"{""A"": ""Surface alpha; в CUTOUT также источник alpha-test."", ""RGB"": ""Базовый цвет поверхности. DXBC не доказывает transfer-функцию исходного DDS.""}",surface_alpha = DiffuseSampler.A × Colour0.A; затем runtime умножает globalAlpha,,alpha.sps > DiffuseSampler | cutout.sps > DiffuseSampler | cutout_fence.sps > DiffuseSampler | cutout_fence_normal.sps > DiffuseSampler | cutout_hard.sps > DiffuseSampler | default.sps > DiffuseSampler | default_noedge.sps > DiffuseSampler | default_spec.sps > DiffuseSampler | gta_default.sps > DiffuseSampler | gta_normal.sps > DiffuseSampler | gta_spec.sps > DiffuseSampler | normal.sps > DiffuseSampler | normal_alpha.sps > DiffuseSampler | normal_cutout.sps > DiffuseSampler | normal_screendooralpha.sps > DiffuseSampler | normal_spec.sps > DiffuseSampler | normal_spec_alpha.sps > DiffuseSampler | normal_spec_cutout.sps > DiffuseSampler | normal_spec_screendooralpha.sps > DiffuseSampler | spec.sps > DiffuseSampler | spec_alpha.sps > DiffuseSampler | spec_const.sps > DiffuseSampler | spec_screendooralpha.sps > DiffuseSampler | water_decal.sps > DiffuseSampler
SEM_9B724B7F82174909,DIFFUSE_RGBA_AUTO,active,1,DiffuseSampler,"{""A"": ""Дискретный индекс DiffPal: byte-коды 32…160 дают u=(code−32)/128; вне диапазона сохраняется базовый цвет."", ""RGB"": ""Базовый цвет/цвет эмиссии. Освещённое ядро оружия использует цвет после palette/tint-коррекции и возведения RGB в квадрат.""}","D_lit.rgb = adjustedDiffuse.rgb² | code=floor(Diffuse.A·255.01); u=(code−32)/128; pal=DiffPal(u,paletteSelector)",Преобразование raw texture-byte в shader sample происходит вне DXBC и здесь не доказано.,weapon_normal_spec_detail_palette.sps > DiffuseSampler
SEM_9B853EDD8972E70F,NORMAL_XY_AUTO,active,2,BumpSampler_layer0 | BumpSampler_layer1,"{""A"": ""Не отдельная художественная маска; физическая упаковка normal map зависит от формата текстуры."", ""RGB"": ""Тангенсная нормаль после GTA-декодирования; X/Y задают наклон, Z восстанавливается/нормализуется.""}","blend = height-aware(Texture0.A, Texture1.A, lookup.RG)",,blend_2lyr.sps > BumpSampler_layer0 | blend_2lyr.sps > BumpSampler_layer1
SEM_9BB09D3A4D00B8BF,LINEAR_RGBA_BC3,active,1,SpecSampler,"{""A"": ""Линейный gloss/falloff input перед specularFalloffMult."", ""B"": ""Третий scalar spec-сигнал; остаётся линейным."", ""G"": ""Второй scalar spec-сигнал; перед mask возводится в квадрат."", ""R"": ""Первый scalar spec-сигнал; перед mask возводится в квадрат.""}","rawFalloff = SpecSampler.A × specularFalloffMult | specSignal=dot((SpecSampler.R²,SpecSampler.G²,SpecSampler.B),specMapIntMask); specIntensity=saturate(specSignal×specularIntensityMult)",,normal_spec_emissive.sps > SpecSampler
SEM_9BB939E15D07C70E,DIFFUSE_RGBA_AUTO,active,2,DiffuseSampler,"{""A"": ""Дискретный индекс DiffPal: byte-коды 32…160 дают u=(code−32)/128; вне диапазона сохраняется базовый цвет."", ""RGB"": ""Базовый цвет/цвет эмиссии. Освещённое ядро оружия использует цвет после palette/tint-коррекции и возведения RGB в квадрат.""}","D_lit.rgb = adjustedDiffuse.rgb² | code=floor(Diffuse.A·255.01); u=(code−32)/128; pal=DiffPal(u,paletteSelector) | hard=(alpha−alphaRef)/((1−alphaRef)·0.1); alpha=lerp(alpha,hard,HardAlphaBlend)",Преобразование raw texture-byte в shader sample происходит вне DXBC и здесь не доказано.,weapon_normal_spec_cutout_palette.sps > DiffuseSampler | weapon_normal_spec_palette.sps > DiffuseSampler
SEM_9F03611A8233454C,PALETTE_RGBA8,active,2,TintPaletteSampler,"{""A"": ""Compiler-unused в проверенных основных P16 palette-программах."", ""RGB"": ""RGB-множитель albedo, выбранный через Colour0.B и tintPaletteSelector.X.""}","albedo.RGB = DiffuseSampler.RGB × TintPaletteSampler.RGB | tint = TintPaletteSampler(U=Colour0.B, V=tintPaletteSelector.X)",,emissive_alpha_tnt.sps > TintPaletteSampler | emissive_tnt.sps > TintPaletteSampler
SEM_A3FBCB161346582D,COLOR_RGB_BC1,active,11,SnowSampler1,"{""A"": ""Независимое использование A в проверенном deferred-пути не найдено."", ""RGB"": ""Цвет нижнего/верхнего environment-effect слоя.""}",,,vehicle_mesh2_enveff.sps > SnowSampler1 | vehicle_mesh_enveff.sps > SnowSampler1 | vehicle_paint1_enveff.sps > SnowSampler1 | vehicle_paint2_enveff.sps > SnowSampler1 | vehicle_paint3_enveff.sps > SnowSampler1 | vehicle_paint4_enveff.sps > SnowSampler1 | vehicle_paint5_enveff.sps > SnowSampler1 | vehicle_paint6_enveff.sps > SnowSampler1 | vehicle_paint7_enveff.sps > SnowSampler1 | vehicle_paint8.sps > SnowSampler1 | vehicle_paint9.sps > SnowSampler1
SEM_A4B9A802748E4768,DIFFUSE_RGBA_AUTO,active,4,DiffuseSampler,"{""A"": ""Покрытие/cutout-маска."", ""RGB"": ""Цвет травы.""}",,,grass.sps > DiffuseSampler | grass_batch.sps > DiffuseSampler | grass_fur.sps > DiffuseSampler | grass_fur_mask.sps > DiffuseSampler
SEM_A9FCFF50CDC575D9,DIFFUSE_RGBA_AUTO,active,1,DiffuseSampler,"{""A"": ""Маска эмиссии; в alpha-capable passes также задаёт непрозрачность поверхности."", ""RGB"": ""Базовый цвет/цвет эмиссии.""}","E = emissiveMultiplier·Diffuse.A·gEmissiveScale; RGB = Diffuse.RGB·tint.RGB | hard=(alpha−alphaRef)/((1−alphaRef)·0.1); alpha=lerp(alpha,hard,HardAlphaBlend)",,weapon_emissive_tnt.sps > DiffuseSampler
SEM_AAB9681C5ED121B4,DIFFUSE_RGBA_AUTO,active,27,DiffuseSampler,"{""A"": ""Альфа поверхности; в palette-перестановках может быть дискретным индексом палитры."", ""RGB"": ""Цвет поверхности.""}",,,ped.sps > DiffuseSampler | ped_alpha.sps > DiffuseSampler | ped_cloth.sps > DiffuseSampler | ped_cloth_enveff.sps > DiffuseSampler | ped_decal.sps > DiffuseSampler | ped_decal_decoration.sps > DiffuseSampler | ped_decal_expensive.sps > DiffuseSampler | ped_decal_nodiff.sps > DiffuseSampler | ped_default.sps > DiffuseSampler | ped_default_cloth.sps > DiffuseSampler | ped_default_cutout.sps > DiffuseSampler | ped_default_enveff.sps > DiffuseSampler | ped_default_mp.sps > DiffuseSampler | ped_default_palette.sps > DiffuseSampler | ped_emissive.sps > DiffuseSampler | ped_enveff.sps > DiffuseSampler | ped_fur.sps > DiffuseSampler | ped_hair_cutout_alpha.sps > DiffuseSampler | ped_hair_cutout_alpha_cloth.sps > DiffuseSampler | ped_hair_spiked.sps > DiffuseSampler | ped_nopeddamagedecals.sps > DiffuseSampler | ped_palette.sps > DiffuseSampler | ped_wrinkle.sps > DiffuseSampler | ped_wrinkle_cloth.sps > DiffuseSampler | ped_wrinkle_cloth_enveff.sps > DiffuseSampler | ped_wrinkle_cs.sps > DiffuseSampler | ped_wrinkle_enveff.sps > DiffuseSampler
SEM_AAF0C8E463CB7FE0,LINEAR_RGBA_BC3,active,1,FoamSampler,"{""A"": ""Маска пены."", ""RGB"": ""Не задаёт видимый цвет пены; цвет приходит из освещения.""}",alpha = (Colour0.G × Foam.A)²,,water_riverfoam.sps > FoamSampler
SEM_AB00646FA560A535,DIFFUSE_RGBA_AUTO,active,2,DiffuseSampler,"{""A"": ""Маска эмиссии и surface alpha; в additive-вариантах также формирует premultiplied source color."", ""RGB"": ""Базовый цвет поверхности. Для TNT дополнительно умножается на RGB выбранной палитры.""}",emissive = DiffuseSampler.A × emissiveMultiplier × runtime(gEmissiveScale) × Colour0.B | source_rgb = DiffuseSampler.RGB × DiffuseSampler.A; blend = source_rgb×source_alpha + destination | surface_alpha = DiffuseSampler.A × Colour0.A,,emissive_additive_alpha.sps > DiffuseSampler | emissive_additive_uv_alpha.sps > DiffuseSampler
SEM_ADCA91AAC8552F7A,LINEAR_RGBA_BC3,active,14,SpecSampler,"{""A"": ""Линейный falloff/gloss input; умножается на specularFalloffMult."", ""B"": ""Третий скалярный spec-вклад; остаётся линейным."", ""G"": ""Второй скалярный spec-вклад; перед mask возводится в квадрат."", ""R"": ""Первый скалярный spec-вклад; перед mask возводится в квадрат.""}","Q=(R²,G²,B); I=dot(Q,specMapIntMask)·specularIntensityMult; P=A·specularFalloffMult; n=3·min(P,500)+558·max(P−500,0)",,cutout_spec_tnt.sps > SpecSampler | gta_spec.sps > SpecSampler | normal_spec.sps > SpecSampler | normal_spec_alpha.sps > SpecSampler | normal_spec_batch.sps > SpecSampler | normal_spec_cutout.sps > SpecSampler | normal_spec_cutout_tnt.sps > SpecSampler | normal_spec_screendooralpha.sps > SpecSampler | normal_spec_tnt.sps > SpecSampler | spec.sps > SpecSampler | spec_alpha.sps > SpecSampler | spec_screendooralpha.sps > SpecSampler | spec_tnt.sps > SpecSampler | spec_twiddle_tnt.sps > SpecSampler
SEM_B0126759817F411E,NORMAL_XY_AUTO,active,5,WrinkleSampler_A,"{""BA"": ""Не читаются в проверенном blend."", ""RG"": ""Целевая XY-нормаль A.""}",,,ped_wrinkle.sps > WrinkleSampler_A | ped_wrinkle_cloth.sps > WrinkleSampler_A | ped_wrinkle_cloth_enveff.sps > WrinkleSampler_A | ped_wrinkle_cs.sps > WrinkleSampler_A | ped_wrinkle_enveff.sps > WrinkleSampler_A
SEM_BB01E745D48E9FF5,LINEAR_RGB_BC1,active,1,NoiseSampler,"{""A"": ""В исследованном sky path отдельно не используется."", ""RGB"": ""Три процедурные шумовые компоненты неба.""}",,Служебная процедурная/engine-fed текстура.,sky_system.sps > NoiseSampler
SEM_BB4DA8CCAA2A4C2A,DIFFUSE_RGBA_AUTO,active,41,DiffuseSampler,"{""A"": ""Материальная alpha/coverage; у OPAQUE не превращает поверхность в прозрачную."", ""RGB"": ""Цвет поверхности; после tint/dirt/слоёв vehicle forward core использует его в квадрате.""}","C≈(Diffuse.rgb × tint × Colour0.R, после layer/dirt)^2",,vehicle_basic.sps > DiffuseSampler | vehicle_cloth.sps > DiffuseSampler | vehicle_cloth2.sps > DiffuseSampler | vehicle_dash_emissive_opaque.sps > DiffuseSampler | vehicle_decal2.sps > DiffuseSampler | vehicle_detail.sps > DiffuseSampler | vehicle_detail2.sps > DiffuseSampler | vehicle_emissive_opaque.sps > DiffuseSampler | vehicle_generic.sps > DiffuseSampler | vehicle_interior.sps > DiffuseSampler | vehicle_interior2.sps > DiffuseSampler | vehicle_mesh.sps > DiffuseSampler | vehicle_mesh2_enveff.sps > DiffuseSampler | vehicle_mesh_enveff.sps > DiffuseSampler | vehicle_nosplash.sps > DiffuseSampler | vehicle_nowater.sps > DiffuseSampler | vehicle_paint1.sps > DiffuseSampler | vehicle_paint1_enveff.sps > DiffuseSampler | vehicle_paint2.sps > DiffuseSampler | vehicle_paint2_enveff.sps > DiffuseSampler | vehicle_paint3.sps > DiffuseSampler | vehicle_paint3_enveff.sps > DiffuseSampler | vehicle_paint3_lvr.sps > DiffuseSampler | vehicle_paint4.sps > DiffuseSampler | vehicle_paint4_emissive.sps > DiffuseSampler | vehicle_paint4_enveff.sps > DiffuseSampler | vehicle_paint5_enveff.sps > DiffuseSampler | vehicle_paint6.sps > DiffuseSampler | vehicle_paint6_enveff.sps > DiffuseSampler | vehicle_paint7.sps > DiffuseSampler | vehicle_paint7_enveff.sps > DiffuseSampler | vehicle_paint8.sps > DiffuseSampler | vehicle_paint9.sps > DiffuseSampler | vehicle_shuts.sps > DiffuseSampler | vehicle_tire.sps > DiffuseSampler | vehicle_tire_emissive.sps > DiffuseSampler | vehicle_track.sps > DiffuseSampler | vehicle_track2.sps > DiffuseSampler | vehicle_track2_emissive.sps > DiffuseSampler | vehicle_track_ammo.sps > DiffuseSampler | vehicle_track_emissive.sps > DiffuseSampler
SEM_BC1FC7E4B6D69C43,NORMAL_XY_AUTO,active,19,BumpSampler,"{""A"": ""В проверенном normal decode не используется."", ""B"": ""В проверенном normal decode не используется; Z восстанавливается."", ""G"": ""Компонента Y касательного пространства: 2·G−1."", ""R"": ""Компонента X касательного пространства: 2·R−1.""}","q=2·BumpSampler.RG−1; z=sqrt(abs(1−dot(q,q))); N=normalize(T·q.x·b+B·q.y·b+Ngeo·z)",,cutout_fence_normal.sps > BumpSampler | gta_normal.sps > BumpSampler | normal.sps > BumpSampler | normal_alpha.sps > BumpSampler | normal_cutout.sps > BumpSampler | normal_cutout_tnt.sps > BumpSampler | normal_diffspec.sps > BumpSampler | normal_diffspec_tnt.sps > BumpSampler | normal_screendooralpha.sps > BumpSampler | normal_spec.sps > BumpSampler | normal_spec_alpha.sps > BumpSampler | normal_spec_batch.sps > BumpSampler | normal_spec_cutout.sps > BumpSampler | normal_spec_cutout_tnt.sps > BumpSampler | normal_spec_screendooralpha.sps > BumpSampler | normal_spec_tnt.sps > BumpSampler | normal_tnt.sps > BumpSampler | normal_tnt_alpha.sps > BumpSampler | water_decal.sps > BumpSampler
SEM_BC470E9CE43153F1,SKIP_ENGINE_RESOURCE,active,46,DamageSampler,"{""RGBA"": ""Скрытая сферически проецируемая vehicle damage-карта; packing и координаты принадлежат runtime, не mesh UV.""}",,,vehicle_badges.sps > DamageSampler | vehicle_basic.sps > DamageSampler | vehicle_cloth.sps > DamageSampler | vehicle_cloth2.sps > DamageSampler | vehicle_cutout.sps > DamageSampler | vehicle_dash_emissive.sps > DamageSampler | vehicle_dash_emissive_opaque.sps > DamageSampler | vehicle_decal.sps > DamageSampler | vehicle_decal2.sps > DamageSampler | vehicle_detail.sps > DamageSampler | vehicle_detail2.sps > DamageSampler | vehicle_emissive_alpha.sps > DamageSampler | vehicle_emissive_opaque.sps > DamageSampler | vehicle_generic.sps > DamageSampler | vehicle_interior.sps > DamageSampler | vehicle_interior2.sps > DamageSampler | vehicle_licenseplate.sps > DamageSampler | vehicle_lights.sps > DamageSampler | vehicle_lightsemissive.sps > DamageSampler | vehicle_lightsemissive_siren.sps > DamageSampler | vehicle_mesh.sps > DamageSampler | vehicle_mesh2_enveff.sps > DamageSampler | vehicle_mesh_enveff.sps > DamageSampler | vehicle_nosplash.sps > DamageSampler | vehicle_nowater.sps > DamageSampler | vehicle_paint1.sps > DamageSampler | vehicle_paint1_enveff.sps > DamageSampler | vehicle_paint2.sps > DamageSampler | vehicle_paint2_enveff.sps > DamageSampler | vehicle_paint3.sps > DamageSampler | vehicle_paint3_enveff.sps > DamageSampler | vehicle_paint3_lvr.sps > DamageSampler | vehicle_paint4.sps > DamageSampler | vehicle_paint4_emissive.sps > DamageSampler | vehicle_paint4_enveff.sps > DamageSampler | vehicle_paint5_enveff.sps > DamageSampler | vehicle_paint6.sps > DamageSampler | vehicle_paint6_enveff.sps > DamageSampler | vehicle_paint7.sps > DamageSampler | vehicle_paint7_enveff.sps > DamageSampler | vehicle_paint8.sps > DamageSampler | vehicle_paint9.sps > DamageSampler | vehicle_shuts.sps > DamageSampler | vehicle_track_siren.sps > DamageSampler | vehicle_vehglass.sps > DamageSampler | vehicle_vehglass_inner.sps > DamageSampler
SEM_BDCA6A9993EA6364,DIFFUSE_RGBA_AUTO,active,13,DiffuseSampler,"{""A"": ""Вход alpha/opacity поверхности; opaque bucket обычно сам по себе не превращает его в cutout."", ""RGB"": ""Базовый цвет/цвет эмиссии.""}",,,glass_normal_spec_reflect.sps > DiffuseSampler | glass_reflect.sps > DiffuseSampler | gta_reflect_alpha.sps > DiffuseSampler | normal_cubemap_reflect.sps > DiffuseSampler | normal_reflect_decal.sps > DiffuseSampler | normal_spec_cubemap_reflect.sps > DiffuseSampler | normal_spec_reflect.sps > DiffuseSampler | normal_spec_reflect_alpha.sps > DiffuseSampler | normal_spec_reflect_decal.sps > DiffuseSampler | reflect.sps > DiffuseSampler | reflect_alpha.sps > DiffuseSampler | reflect_decal.sps > DiffuseSampler | spec_reflect_decal.sps > DiffuseSampler
SEM_BF323425E0B499ED,LINEAR_R_OR_RG_BC5,active,1,DetailSampler,"{""A"": ""Не используется; detail mask берётся из 1."", ""B"": ""Не используется."", ""G"": ""Не используется: default_detail собран без NORMAL_MAP."", ""R"": ""Scalar detail sample; normal X не компилируется без NORMAL_MAP.""}",D=.5*Detail(UV*detailSettings.zw)+.5*Detail(UV*detailSettings.zw*3.17); A_detail=1; M=1-D.r*detailSettings.x*A_detail,PC branch смешивает два sample масштаба 1× и 3.17× по 0.5.,default_detail.sps > DetailSampler
SEM_BFA75C6BB98C4904,DIFFUSE_RGBA_AUTO,active,2,DiffuseSampler,"{""A"": ""Вход alpha/opacity поверхности; opaque bucket обычно сам по себе не превращает его в cutout."", ""RGB"": ""Базовый цвет/цвет эмиссии. Освещённое ядро оружия использует цвет после palette/tint-коррекции и возведения RGB в квадрат.""}",D_lit.rgb = adjustedDiffuse.rgb²,Преобразование raw texture-byte в shader sample происходит вне DXBC и здесь не доказано.,weapon_normal_spec_detail_tnt.sps > DiffuseSampler | weapon_normal_spec_tnt.sps > DiffuseSampler
SEM_C237BFBD5C925E9E,LINEAR_RGBA_BC3,active,6,SpecSampler,"{""A"": ""Линейный falloff/exponent input."", ""B"": ""Входит в scalar intensity линейно через specMapIntMask."", ""G"": ""Квадратится и входит в scalar intensity через specMapIntMask."", ""R"": ""Квадратится и входит в scalar intensity через specMapIntMask.""}","I = dot((R²,G²,B), mask)·SpecInt; P = A·SpecFalloff",,cloth_normal_spec.sps > SpecSampler | cloth_normal_spec_alpha.sps > SpecSampler | cloth_normal_spec_cutout.sps > SpecSampler | cloth_normal_spec_tnt.sps > SpecSampler | grass_fur.sps > SpecSampler | grass_fur_mask.sps > SpecSampler
SEM_C4A823C09A445CEE,SKIP_INACTIVE,inactive,1,DiffuseSampler,"{""A"": ""Не задаёт blend; alpha берётся из SpecSampler.G²."", ""RGB"": ""Не читается как цвет: DECAL_SPEC_ONLY возвращает нулевой diffuse.""}",,,decal_spec_only.sps > DiffuseSampler
SEM_C5705D6B86BC8BFE,CUBEMAP_RGB_READY_DDS,active,2,EnvironmentSampler,"{""A"": ""Не используется проверенным путём environment-reflection."", ""RGB"": ""Цвет отражения сэмплируется по процедурному отражённому направлению.""}","R=normalize(reflect(−V,N)); EnvRGB=EnvironmentCube(R.xzy).RGB·reflectivePower","Попиксельной маски отражения нет: reflectivePower задаёт общую силу материала. | Diffuse.A, Spec.A и Spec.RGB напрямую не маскируют, не размывают и не тонируют эту текстуру.",normal_cubemap_reflect.sps > EnvironmentSampler | normal_spec_cubemap_reflect.sps > EnvironmentSampler
SEM_C627EBE8953FDE17,NORMAL_XY_AUTO,active,72,BumpSampler_layer0 | BumpSampler_layer1 | BumpSampler_layer2 | BumpSampler_layer3,"{""A"": ""Не отдельная художественная маска; физическая упаковка normal map зависит от формата текстуры."", ""RGB"": ""Тангенсная нормаль после GTA-декодирования; X/Y задают наклон, Z восстанавливается/нормализуется.""}",surface = Σ wi × layer_i,,terrain_cb_4lyr.sps > BumpSampler_layer0 | terrain_cb_4lyr.sps > BumpSampler_layer1 | terrain_cb_4lyr.sps > BumpSampler_layer2 | terrain_cb_4lyr.sps > BumpSampler_layer3 | terrain_cb_4lyr_2tex.sps > BumpSampler_layer0 | terrain_cb_4lyr_2tex.sps > BumpSampler_layer1 | terrain_cb_4lyr_2tex.sps > BumpSampler_layer2 | terrain_cb_4lyr_2tex.sps > BumpSampler_layer3 | terrain_cb_w_4lyr.sps > BumpSampler_layer0 | terrain_cb_w_4lyr.sps > BumpSampler_layer1 | terrain_cb_w_4lyr.sps > BumpSampler_layer2 | terrain_cb_w_4lyr.sps > BumpSampler_layer3 | terrain_cb_w_4lyr_2tex.sps > BumpSampler_layer0 | terrain_cb_w_4lyr_2tex.sps > BumpSampler_layer1 | terrain_cb_w_4lyr_2tex.sps > BumpSampler_layer2 | terrain_cb_w_4lyr_2tex.sps > BumpSampler_layer3 | terrain_cb_w_4lyr_2tex_blend.sps > BumpSampler_layer0 | terrain_cb_w_4lyr_2tex_blend.sps > BumpSampler_layer1 | terrain_cb_w_4lyr_2tex_blend.sps > BumpSampler_layer2 | terrain_cb_w_4lyr_2tex_blend.sps > BumpSampler_layer3 | terrain_cb_w_4lyr_2tex_blend_pxm.sps > BumpSampler_layer0 | terrain_cb_w_4lyr_2tex_blend_pxm.sps > BumpSampler_layer1 | terrain_cb_w_4lyr_2tex_blend_pxm.sps > BumpSampler_layer2 | terrain_cb_w_4lyr_2tex_blend_pxm.sps > BumpSampler_layer3 | terrain_cb_w_4lyr_2tex_blend_pxm_spm.sps > BumpSampler_layer0 | terrain_cb_w_4lyr_2tex_blend_pxm_spm.sps > BumpSampler_layer1 | terrain_cb_w_4lyr_2tex_blend_pxm_spm.sps > BumpSampler_layer2 | terrain_cb_w_4lyr_2tex_blend_pxm_spm.sps > BumpSampler_layer3 | terrain_cb_w_4lyr_2tex_pxm.sps > BumpSampler_layer0 | terrain_cb_w_4lyr_2tex_pxm.sps > BumpSampler_layer1 | terrain_cb_w_4lyr_2tex_pxm.sps > BumpSampler_layer2 | terrain_cb_w_4lyr_2tex_pxm.sps > BumpSampler_layer3 | terrain_cb_w_4lyr_cm.sps > BumpSampler_layer0 | terrain_cb_w_4lyr_cm.sps > BumpSampler_layer1 | terrain_cb_w_4lyr_cm.sps > BumpSampler_layer2 | terrain_cb_w_4lyr_cm.sps > BumpSampler_layer3 | terrain_cb_w_4lyr_cm_pxm.sps > BumpSampler_layer0 | terrain_cb_w_4lyr_cm_pxm.sps > BumpSampler_layer1 | terrain_cb_w_4lyr_cm_pxm.sps > BumpSampler_layer2 | terrain_cb_w_4lyr_cm_pxm.sps > BumpSampler_layer3 | terrain_cb_w_4lyr_cm_pxm_tnt.sps > BumpSampler_layer0 | terrain_cb_w_4lyr_cm_pxm_tnt.sps > BumpSampler_layer1 | terrain_cb_w_4lyr_cm_pxm_tnt.sps > BumpSampler_layer2 | terrain_cb_w_4lyr_cm_pxm_tnt.sps > BumpSampler_layer3 | terrain_cb_w_4lyr_cm_tnt.sps > BumpSampler_layer0 | terrain_cb_w_4lyr_cm_tnt.sps > BumpSampler_layer1 | terrain_cb_w_4lyr_cm_tnt.sps > BumpSampler_layer2 | terrain_cb_w_4lyr_cm_tnt.sps > BumpSampler_layer3 | terrain_cb_w_4lyr_pxm.sps > BumpSampler_layer0 | terrain_cb_w_4lyr_pxm.sps > BumpSampler_layer1 | terrain_cb_w_4lyr_pxm.sps > BumpSampler_layer2 | terrain_cb_w_4lyr_pxm.sps > BumpSampler_layer3 | terrain_cb_w_4lyr_pxm_spm.sps > BumpSampler_layer0 | terrain_cb_w_4lyr_pxm_spm.sps > BumpSampler_layer1 | terrain_cb_w_4lyr_pxm_spm.sps > BumpSampler_layer2 | terrain_cb_w_4lyr_pxm_spm.sps > BumpSampler_layer3 | terrain_cb_w_4lyr_spec.sps > BumpSampler_layer0 | terrain_cb_w_4lyr_spec.sps > BumpSampler_layer1 | terrain_cb_w_4lyr_spec.sps > BumpSampler_layer2 | terrain_cb_w_4lyr_spec.sps > BumpSampler_layer3 | terrain_cb_w_4lyr_spec_int.sps > BumpSampler_layer0 | terrain_cb_w_4lyr_spec_int.sps > BumpSampler_layer1 | terrain_cb_w_4lyr_spec_int.sps > BumpSampler_layer2 | terrain_cb_w_4lyr_spec_int.sps > BumpSampler_layer3 | terrain_cb_w_4lyr_spec_int_pxm.sps > BumpSampler_layer0 | terrain_cb_w_4lyr_spec_int_pxm.sps > BumpSampler_layer1 | terrain_cb_w_4lyr_spec_int_pxm.sps > BumpSampler_layer2 | terrain_cb_w_4lyr_spec_int_pxm.sps > BumpSampler_layer3 | terrain_cb_w_4lyr_spec_pxm.sps > BumpSampler_layer0 | terrain_cb_w_4lyr_spec_pxm.sps > BumpSampler_layer1 | terrain_cb_w_4lyr_spec_pxm.sps > BumpSampler_layer2 | terrain_cb_w_4lyr_spec_pxm.sps > BumpSampler_layer3
SEM_C788B5497F4D43B2,MIXED_COLOR_HEIGHT_BC3,active,2,TextureSampler_layer0 | TextureSampler_layer1,"{""A"": ""Высота/приоритет слоя для height-aware смешивания."", ""RGB"": ""Цвет соответствующего слоя terrain.""}","blend = height-aware(Texture0.A, Texture1.A, lookup.RG)",,blend_2lyr.sps > TextureSampler_layer0 | blend_2lyr.sps > TextureSampler_layer1
SEM_C9A6E26136C17449,DIFFUSE_RGBA_AUTO,active,5,DiffuseSampler,"{""A"": ""Вход alpha/opacity поверхности; opaque bucket обычно сам по себе не превращает его в cutout."", ""RGB"": ""Базовый цвет/цвет эмиссии.""}","hard=(alpha−alphaRef)/((1−alphaRef)·0.1); alpha=lerp(alpha,hard,HardAlphaBlend)",,normal_reflect.sps > DiffuseSampler | normal_reflect_alpha.sps > DiffuseSampler | normal_reflect_screendooralpha.sps > DiffuseSampler | spec_reflect.sps > DiffuseSampler | spec_reflect_alpha.sps > DiffuseSampler
SEM_CE68A5AAAACC13AE,COLOR_RGB_BC1,active,6,EnvironmentSampler,"{""A"": ""В исследованных reflect-путях не используется."", ""RGB"": ""Цветное статическое сферическое отражение.""}",reflectionRGB = EnvironmentSampler.RGB × reflectivePower,"Это 2D spherical environment map; размытие задаётся самой текстурой/mips, не SpecSampler.A.",glass.sps > EnvironmentSampler | glass_displacement.sps > EnvironmentSampler | glass_emissive.sps > EnvironmentSampler | glass_emissive_alpha.sps > EnvironmentSampler | glass_emissivenight.sps > EnvironmentSampler | glass_emissivenight_alpha.sps > EnvironmentSampler
SEM_CFDD47D7E1C5858C,LINEAR_R_OR_RG_BC5,active,1,ditherSampler,"{""GBA"": ""Не используются."", ""R"": ""Малый центрированный шум R−0.5 против banding.""}",,,sky_system.sps > ditherSampler
SEM_D2524F945066B581,LINEAR_R_OR_RG_BC5,active,1,FontSampler,"{""GBA"": ""Не используются в проверенном plate deferred-пути."", ""R"": ""Signed-distance/coverage символа; через derivatives превращается в сглаженную маску.""}","mask=smoothstep(center−ε, center+ε, Font.R)",,vehicle_licenseplate.sps > FontSampler
SEM_D531B3EFA85E995A,COLOR_RGBA_BC3,active,11,SnowSampler0,"{""A"": ""Вес смешивания первого environment слоя."", ""RGB"": ""Цвет нижнего/верхнего environment-effect слоя.""}",,,vehicle_mesh2_enveff.sps > SnowSampler0 | vehicle_mesh_enveff.sps > SnowSampler0 | vehicle_paint1_enveff.sps > SnowSampler0 | vehicle_paint2_enveff.sps > SnowSampler0 | vehicle_paint3_enveff.sps > SnowSampler0 | vehicle_paint4_enveff.sps > SnowSampler0 | vehicle_paint5_enveff.sps > SnowSampler0 | vehicle_paint6_enveff.sps > SnowSampler0 | vehicle_paint7_enveff.sps > SnowSampler0 | vehicle_paint8.sps > SnowSampler0 | vehicle_paint9.sps > SnowSampler0
SEM_D58F5A7333EE6DED,LINEAR_R_OR_RG_BC5,active,1,distanceMapSampler,"{""GBA"": ""Не используются."", ""R"": ""Бинарная/сглаженная маска с порогом около 0.5.""}","forward alpha=(R≥0.5); deferred alpha=smoothstep(0.5−ε,0.5+ε,R)",,distance_map.sps > distanceMapSampler
SEM_DAD0B487CB04F5FD,DIFFUSE_RGBA_AUTO,active,6,DiffuseSampler,"{""A"": ""Маска эмиссии и surface alpha; в additive-вариантах также формирует premultiplied source color."", ""RGB"": ""Базовый цвет поверхности. Для TNT дополнительно умножается на RGB выбранной палитры.""}",emissive = DiffuseSampler.A × emissiveMultiplier × runtime(gEmissiveScale) × Colour0.B | surface_alpha = DiffuseSampler.A × Colour0.A,,emissive.sps > DiffuseSampler | emissive_alpha.sps > DiffuseSampler | emissive_clip.sps > DiffuseSampler | emissivestrong.sps > DiffuseSampler | emissivestrong_alpha.sps > DiffuseSampler | normal_spec_emissive.sps > DiffuseSampler
SEM_DC1F84AE691EE13B,LINEAR_RGB_BC1,active,12,DensitySampler | DetailDensity2Sampler | DetailDensitySampler,"{""A"": ""Не используется в исследованном cloud path."", ""B"": ""Не используется в исследованном cloud path."", ""G"": ""Плотность: базово d=1−G; animated detail использует d=1−G²."", ""R"": ""Не используется в исследованном cloud path.""}",base d=1−Density.G; animated detail d=1−Detail.G²,,clouds_altitude.sps > DensitySampler | clouds_altitude.sps > DetailDensity2Sampler | clouds_altitude.sps > DetailDensitySampler | clouds_anim.sps > DensitySampler | clouds_anim.sps > DetailDensity2Sampler | clouds_anim.sps > DetailDensitySampler | clouds_animsoft.sps > DensitySampler | clouds_animsoft.sps > DetailDensity2Sampler | clouds_animsoft.sps > DetailDensitySampler | clouds_fast.sps > DensitySampler | clouds_fog.sps > DensitySampler | clouds_soft.sps > DensitySampler
SEM_DDBBED16C22D7212,LINEAR_R_OR_RG_BC5,active,8,heightMapSamplerLayer0 | heightMapSamplerLayer1 | heightMapSamplerLayer2 | heightMapSamplerLayer3,"{""A"": ""Не используется в исследованном пути."", ""B"": ""Не используется в исследованном пути."", ""G"": ""Локальная specular-маска слоя; участвует как G²."", ""R"": ""Высота для parallax/height offset.""}","s=Gheight²; I=Ispm×lerp(1,s,IntensityAdjust); n=Fspm×lerp(1,s,FalloffAdjust)",,terrain_cb_w_4lyr_2tex_blend_pxm_spm.sps > heightMapSamplerLayer0 | terrain_cb_w_4lyr_2tex_blend_pxm_spm.sps > heightMapSamplerLayer1 | terrain_cb_w_4lyr_2tex_blend_pxm_spm.sps > heightMapSamplerLayer2 | terrain_cb_w_4lyr_2tex_blend_pxm_spm.sps > heightMapSamplerLayer3 | terrain_cb_w_4lyr_pxm_spm.sps > heightMapSamplerLayer0 | terrain_cb_w_4lyr_pxm_spm.sps > heightMapSamplerLayer1 | terrain_cb_w_4lyr_pxm_spm.sps > heightMapSamplerLayer2 | terrain_cb_w_4lyr_pxm_spm.sps > heightMapSamplerLayer3
SEM_DED4846B449C5250,COLOR_RGB_BC1,active,5,SnowSampler,"{""A"": ""В проверенном deferred-пути не читается."", ""RGB"": ""Цвет env/snow overlay, смешиваемый с diffuse runtime-фактором.""}",,,ped_cloth_enveff.sps > SnowSampler | ped_default_enveff.sps > SnowSampler | ped_enveff.sps > SnowSampler | ped_wrinkle_cloth_enveff.sps > SnowSampler | ped_wrinkle_enveff.sps > SnowSampler
SEM_DF4B198F382521F9,TODO_SPECIAL_SPEC_BA,active,6,SpecSampler,"{""A"": ""Линейный exponent/falloff; при detail также A_detail."", ""B"": ""Линейный weighted intensity через specMapIntMask.B."", ""G"": ""Квадратится; weighted intensity через specMapIntMask.G; у spec-only ещё blend alpha."", ""R"": ""Квадратится; weighted intensity через specMapIntMask.R.""}","D=.5*Detail(UV*detailSettings.zw)+.5*Detail(UV*detailSettings.zw*3.17); A_detail=SpecSampler.A; M=1-D.r*detailSettings.x*A_detail; Nxy+=D.xy*detailSettings.y*A_detail | S=(Spec.R^2,Spec.G^2,Spec.B,Spec.A); I=dot(S.rgb,specMapIntMask.xyz)*specularIntensityMult; P=S.a*specularFalloffMult",,normal_spec_decal_detail.sps > SpecSampler | normal_spec_detail.sps > SpecSampler | normal_spec_detail_dpm.sps > SpecSampler | normal_spec_detail_dpm_tnt.sps > SpecSampler | normal_spec_detail_dpm_vertdecal_tnt.sps > SpecSampler | normal_spec_detail_tnt.sps > SpecSampler
SEM_DFBA8FAD83518B9E,PALETTE_RGBA8,active,1,TintPaletteSampler,"{""A"": ""В проверенном tint-пути стабильная artist-facing роль не установлена."", ""RGB"": ""Tint-множитель выбирается через Colour0.B и tintPaletteSelector.X.""}","E = emissiveMultiplier·Diffuse.A·gEmissiveScale; RGB = Diffuse.RGB·tint.RGB | tint = TintPalette(Colour0.B, tintPaletteSelector.X); RGB *= tint.RGB",,weapon_emissive_tnt.sps > TintPaletteSampler
SEM_E4616B66336F2A33,NORMAL_XY_AUTO,active,5,WrinkleSampler_B,"{""BA"": ""Не читаются в проверенном blend."", ""RG"": ""Целевая XY-нормаль B.""}",,,ped_wrinkle.sps > WrinkleSampler_B | ped_wrinkle_cloth.sps > WrinkleSampler_B | ped_wrinkle_cloth_enveff.sps > WrinkleSampler_B | ped_wrinkle_cs.sps > WrinkleSampler_B | ped_wrinkle_enveff.sps > WrinkleSampler_B
SEM_E5E2CBEE9EB963E1,SKIP_ENGINE_RESOURCE,active,2,StippleSampler,"{""GBA"": ""Не читаются в проверенных layer PS."", ""R"": ""Экранный паттерн отбрасывания пикселей.""}",,,grass_fur.sps > StippleSampler | grass_fur_mask.sps > StippleSampler
SEM_E5F13C1CA164E7EB,PALETTE_RGBA8,active,2,TintPaletteSampler,"{""A"": ""Отдельно не используется."", ""RGB"": ""Цвет палитры, умножаемый на итоговый terrain RGB.""}","RGBout = RGBterrain × TintPalette(Colour0.B, tintPaletteSelector.X)",,terrain_cb_w_4lyr_cm_pxm_tnt.sps > TintPaletteSampler | terrain_cb_w_4lyr_cm_tnt.sps > TintPaletteSampler
SEM_E81DD0EBFDA45264,NORMAL_XY_AUTO,active,11,BumpSampler,"{""A"": ""Не читается для восстановления обычной normal."", ""B"": ""Не читается для восстановления обычной normal."", ""RG"": ""XY-нормаль в tangent space: Nxy = (2·RG−1)·max(bumpiness, 0.001).""}","Nxy = (2·RG−1)·max(bumpiness, 0.001)",,cloth_normal_spec.sps > BumpSampler | cloth_normal_spec_alpha.sps > BumpSampler | cloth_normal_spec_cutout.sps > BumpSampler | cloth_normal_spec_tnt.sps > BumpSampler | grass_fur.sps > BumpSampler | grass_fur_mask.sps > BumpSampler | trees_normal.sps > BumpSampler | trees_normal_diffspec.sps > BumpSampler | trees_normal_diffspec_tnt.sps > BumpSampler | trees_normal_spec.sps > BumpSampler | trees_normal_spec_tnt.sps > BumpSampler
SEM_E864034EB49D0407,COLOR_RGB_BC1,active,1,DiffuseSampler2,"{""A"": ""Игнорируется: alpha source принудительно берётся из Colour0.A."", ""RGB"": ""Overlay colour; смешивается поверх base по 1-Colour0.A.""}",a=1-Colour0.A; Albedo.rgb=Base.rgb*(1-a)+DiffuseSampler2.rgb*a,,normal_spec_detail_dpm_vertdecal_tnt.sps > DiffuseSampler2
SEM_E8ED6DDD0F0F5B92,NORMAL_XY_AUTO,active,25,BumpSampler | BumpSampler2 | DirtBumpSampler | PlateBgBumpSampler,"{""A"": ""В проверенном normal decode не используется."", ""B"": ""В проверенном normal decode не используется."", ""RG"": ""Tangent-space XY: 2·RG−1; Z восстанавливается шейдером.""}","N.xy=(2·RG−1)·scale; N.z=sqrt(|1−dot(N.xy,N.xy)|)",,vehicle_badges.sps > BumpSampler | vehicle_basic.sps > BumpSampler | vehicle_cloth.sps > BumpSampler | vehicle_cloth2.sps > BumpSampler | vehicle_cutout.sps > BumpSampler | vehicle_generic.sps > BumpSampler | vehicle_interior.sps > BumpSampler | vehicle_licenseplate.sps > PlateBgBumpSampler | vehicle_mesh.sps > BumpSampler | vehicle_mesh2_enveff.sps > BumpSampler | vehicle_mesh_enveff.sps > BumpSampler | vehicle_paint6.sps > BumpSampler2 | vehicle_paint6_enveff.sps > BumpSampler2 | vehicle_paint8.sps > BumpSampler | vehicle_paint8.sps > DirtBumpSampler | vehicle_paint9.sps > BumpSampler | vehicle_paint9.sps > DirtBumpSampler | vehicle_shuts.sps > BumpSampler | vehicle_tire.sps > BumpSampler | vehicle_tire_emissive.sps > BumpSampler | vehicle_track.sps > BumpSampler | vehicle_track2.sps > BumpSampler | vehicle_track2_emissive.sps > BumpSampler | vehicle_track_ammo.sps > BumpSampler | vehicle_track_emissive.sps > BumpSampler
SEM_EC2EFDBB96D47E4C,TODO_SPECIAL_SPEC_BA,active,2,SpecSampler,"{""A"": ""Линейный falloff input P=512·A."", ""RGB"": ""Интенсивность rotor-spec: dot((R²,G²,B), specMapIntMask), затем фиксированный scale 0.4.""}","I≈0.4·dot((R²,G²,B),mask)·Colour0.R; P=512·A",,vehicle_blurredrotor.sps > SpecSampler | vehicle_blurredrotor_emissive.sps > SpecSampler
SEM_EF09C2A8BCC20532,COLOR_RGB_BC1,active,84,TextureSampler_layer0 | TextureSampler_layer1 | TextureSampler_layer2 | TextureSampler_layer3,"{""A"": ""В 4-layer terrain-пути отдельно не читается."", ""RGB"": ""Цвет соответствующего слоя terrain.""}",surface = Σ wi × layer_i,,terrain_cb_4lyr.sps > TextureSampler_layer0 | terrain_cb_4lyr.sps > TextureSampler_layer1 | terrain_cb_4lyr.sps > TextureSampler_layer2 | terrain_cb_4lyr.sps > TextureSampler_layer3 | terrain_cb_4lyr_2tex.sps > TextureSampler_layer0 | terrain_cb_4lyr_2tex.sps > TextureSampler_layer1 | terrain_cb_4lyr_2tex.sps > TextureSampler_layer2 | terrain_cb_4lyr_2tex.sps > TextureSampler_layer3 | terrain_cb_4lyr_lod.sps > TextureSampler_layer0 | terrain_cb_4lyr_lod.sps > TextureSampler_layer1 | terrain_cb_4lyr_lod.sps > TextureSampler_layer2 | terrain_cb_4lyr_lod.sps > TextureSampler_layer3 | terrain_cb_w_4lyr.sps > TextureSampler_layer0 | terrain_cb_w_4lyr.sps > TextureSampler_layer1 | terrain_cb_w_4lyr.sps > TextureSampler_layer2 | terrain_cb_w_4lyr.sps > TextureSampler_layer3 | terrain_cb_w_4lyr_2tex.sps > TextureSampler_layer0 | terrain_cb_w_4lyr_2tex.sps > TextureSampler_layer1 | terrain_cb_w_4lyr_2tex.sps > TextureSampler_layer2 | terrain_cb_w_4lyr_2tex.sps > TextureSampler_layer3 | terrain_cb_w_4lyr_2tex_blend.sps > TextureSampler_layer0 | terrain_cb_w_4lyr_2tex_blend.sps > TextureSampler_layer1 | terrain_cb_w_4lyr_2tex_blend.sps > TextureSampler_layer2 | terrain_cb_w_4lyr_2tex_blend.sps > TextureSampler_layer3 | terrain_cb_w_4lyr_2tex_blend_lod.sps > TextureSampler_layer0 | terrain_cb_w_4lyr_2tex_blend_lod.sps > TextureSampler_layer1 | terrain_cb_w_4lyr_2tex_blend_lod.sps > TextureSampler_layer2 | terrain_cb_w_4lyr_2tex_blend_lod.sps > TextureSampler_layer3 | terrain_cb_w_4lyr_2tex_blend_pxm.sps > TextureSampler_layer0 | terrain_cb_w_4lyr_2tex_blend_pxm.sps > TextureSampler_layer1 | terrain_cb_w_4lyr_2tex_blend_pxm.sps > TextureSampler_layer2 | terrain_cb_w_4lyr_2tex_blend_pxm.sps > TextureSampler_layer3 | terrain_cb_w_4lyr_2tex_blend_pxm_spm.sps > TextureSampler_layer0 | terrain_cb_w_4lyr_2tex_blend_pxm_spm.sps > TextureSampler_layer1 | terrain_cb_w_4lyr_2tex_blend_pxm_spm.sps > TextureSampler_layer2 | terrain_cb_w_4lyr_2tex_blend_pxm_spm.sps > TextureSampler_layer3 | terrain_cb_w_4lyr_2tex_pxm.sps > TextureSampler_layer0 | terrain_cb_w_4lyr_2tex_pxm.sps > TextureSampler_layer1 | terrain_cb_w_4lyr_2tex_pxm.sps > TextureSampler_layer2 | terrain_cb_w_4lyr_2tex_pxm.sps > TextureSampler_layer3 | terrain_cb_w_4lyr_cm.sps > TextureSampler_layer0 | terrain_cb_w_4lyr_cm.sps > TextureSampler_layer1 | terrain_cb_w_4lyr_cm.sps > TextureSampler_layer2 | terrain_cb_w_4lyr_cm.sps > TextureSampler_layer3 | terrain_cb_w_4lyr_cm_pxm.sps > TextureSampler_layer0 | terrain_cb_w_4lyr_cm_pxm.sps > TextureSampler_layer1 | terrain_cb_w_4lyr_cm_pxm.sps > TextureSampler_layer2 | terrain_cb_w_4lyr_cm_pxm.sps > TextureSampler_layer3 | terrain_cb_w_4lyr_cm_pxm_tnt.sps > TextureSampler_layer0 | terrain_cb_w_4lyr_cm_pxm_tnt.sps > TextureSampler_layer1 | terrain_cb_w_4lyr_cm_pxm_tnt.sps > TextureSampler_layer2 | terrain_cb_w_4lyr_cm_pxm_tnt.sps > TextureSampler_layer3 | terrain_cb_w_4lyr_cm_tnt.sps > TextureSampler_layer0 | terrain_cb_w_4lyr_cm_tnt.sps > TextureSampler_layer1 | terrain_cb_w_4lyr_cm_tnt.sps > TextureSampler_layer2 | terrain_cb_w_4lyr_cm_tnt.sps > TextureSampler_layer3 | terrain_cb_w_4lyr_lod.sps > TextureSampler_layer0 | terrain_cb_w_4lyr_lod.sps > TextureSampler_layer1 | terrain_cb_w_4lyr_lod.sps > TextureSampler_layer2 | terrain_cb_w_4lyr_lod.sps > TextureSampler_layer3 | terrain_cb_w_4lyr_pxm.sps > TextureSampler_layer0 | terrain_cb_w_4lyr_pxm.sps > TextureSampler_layer1 | terrain_cb_w_4lyr_pxm.sps > TextureSampler_layer2 | terrain_cb_w_4lyr_pxm.sps > TextureSampler_layer3 | terrain_cb_w_4lyr_pxm_spm.sps > TextureSampler_layer0 | terrain_cb_w_4lyr_pxm_spm.sps > TextureSampler_layer1 | terrain_cb_w_4lyr_pxm_spm.sps > TextureSampler_layer2 | terrain_cb_w_4lyr_pxm_spm.sps > TextureSampler_layer3 | terrain_cb_w_4lyr_spec.sps > TextureSampler_layer0 | terrain_cb_w_4lyr_spec.sps > TextureSampler_layer1 | terrain_cb_w_4lyr_spec.sps > TextureSampler_layer2 | terrain_cb_w_4lyr_spec.sps > TextureSampler_layer3 | terrain_cb_w_4lyr_spec_int.sps > TextureSampler_layer0 | terrain_cb_w_4lyr_spec_int.sps > TextureSampler_layer1 | terrain_cb_w_4lyr_spec_int.sps > TextureSampler_layer2 | terrain_cb_w_4lyr_spec_int.sps > TextureSampler_layer3 | terrain_cb_w_4lyr_spec_int_pxm.sps > TextureSampler_layer0 | terrain_cb_w_4lyr_spec_int_pxm.sps > TextureSampler_layer1 | terrain_cb_w_4lyr_spec_int_pxm.sps > TextureSampler_layer2 | terrain_cb_w_4lyr_spec_int_pxm.sps > TextureSampler_layer3 | terrain_cb_w_4lyr_spec_pxm.sps > TextureSampler_layer0 | terrain_cb_w_4lyr_spec_pxm.sps > TextureSampler_layer1 | terrain_cb_w_4lyr_spec_pxm.sps > TextureSampler_layer2 | terrain_cb_w_4lyr_spec_pxm.sps > TextureSampler_layer3
SEM_F5C200D5FED2F46E,DIFFUSE_RGBA_AUTO,active,1,DiffuseSampler,"{""A"": ""Альфа поверхности."", ""RGB"": ""Базовый albedo и исходник двух generated-diffspec сигналов; в TNT spec вычисляется до palette tint.""}","L1=dot(Diffuse.RGB,SpecDesaturateIntensity.XYZ); S1=Overlay(L1,SpecDesaturateIntensity.W); L2=dot(Diffuse.RGB,SpecDesaturateExponent.XYZ); S2=Overlay(L2,SpecDesaturateExponent.W); I=dot((S1,S2,0),specMapIntMask)·specularIntensityMult | surface_alpha = DiffuseSampler.A × Colour0.A; затем runtime умножает globalAlpha",,normal_diffspec.sps > DiffuseSampler
SEM_FA7D74320A66D6BB,LINEAR_R_OR_RG_BC5,active,1,gMirrorCrackSampler,"{""A"": ""В основном mirror_crack path не используется."", ""B"": ""В основном mirror_crack path не используется."", ""RG"": ""Смещение экранного отражения: RG×2−1.""}","screenUV += (Crack.RG×2−1)×gMirrorCrackAmount/(512,256)",,mirror_crack.sps > gMirrorCrackSampler
SEM_FAF749A86D36BEA9,DIFFUSE_RGBA_AUTO,active,7,DiffuseSampler,"{""A"": ""Opacity/cutout source; затем умножается на общие alpha factors."", ""RGB"": ""Цвет поверхности.""}",,,cloth_default.sps > DiffuseSampler | cloth_normal_spec.sps > DiffuseSampler | cloth_normal_spec_alpha.sps > DiffuseSampler | cloth_normal_spec_cutout.sps > DiffuseSampler | cloth_normal_spec_tnt.sps > DiffuseSampler | cloth_spec_alpha.sps > DiffuseSampler | cloth_spec_cutout.sps > DiffuseSampler
SEM_FBDBAC8737ED9566,NORMAL_XY_AUTO,active,2,WrinkleSampler_A | WrinkleSampler_B,"{""A"": ""Не используется в wrinkle blend."", ""B"": ""Не используется в wrinkle blend."", ""RG"": ""Tangent-space normal XY target для последовательного lerp.""}","a=dot(M0,S0)+dot(M1,S1); b=dot(M2,S2)+dot(M3,S3); N=lerp(lerp(Bump.xy,WrinkleA.xy,a),WrinkleB.xy,b); N*=bumpiness",,normal_spec_wrinkle.sps > WrinkleSampler_A | normal_spec_wrinkle.sps > WrinkleSampler_B
SEM_FC1AEBB65E4C9E4B,LINEAR_RGBA_BC3,active,8,ComboHeightSamplerFur01 | ComboHeightSamplerFur23 | ComboHeightSamplerFur45 | ComboHeightSamplerFur67,"{""A"": ""Height/coverage нечётного слоя пары: 1, 3, 5 или 7."", ""B"": ""В восьми проверенных layer PS не читается."", ""G"": ""Height/coverage чётного слоя пары: 0, 2, 4 или 6."", ""R"": ""В восьми проверенных layer PS не читается.""}",,,grass_fur.sps > ComboHeightSamplerFur01 | grass_fur.sps > ComboHeightSamplerFur23 | grass_fur.sps > ComboHeightSamplerFur45 | grass_fur.sps > ComboHeightSamplerFur67 | grass_fur_mask.sps > ComboHeightSamplerFur01 | grass_fur_mask.sps > ComboHeightSamplerFur23 | grass_fur_mask.sps > ComboHeightSamplerFur45 | grass_fur_mask.sps > ComboHeightSamplerFur67
SEM_FE08F33CB5098D31,SKIP_INACTIVE,inactive,37,BumpSampler | SpecSampler | TextureSamplerDiffPal,{},,Registry-declared slot absent from every active DXBC binding for this shader.,ped.sps > TextureSamplerDiffPal | ped_alpha.sps > TextureSamplerDiffPal | ped_cloth.sps > TextureSamplerDiffPal | ped_cloth_enveff.sps > TextureSamplerDiffPal | ped_decal.sps > BumpSampler | ped_decal.sps > SpecSampler | ped_decal.sps > TextureSamplerDiffPal | ped_decal_decoration.sps > TextureSamplerDiffPal | ped_decal_expensive.sps > TextureSamplerDiffPal | ped_decal_nodiff.sps > TextureSamplerDiffPal | ped_default.sps > BumpSampler | ped_default.sps > SpecSampler | ped_default.sps > TextureSamplerDiffPal | ped_default_cloth.sps > BumpSampler | ped_default_cloth.sps > SpecSampler | ped_default_cloth.sps > TextureSamplerDiffPal | ped_default_cutout.sps > BumpSampler | ped_default_cutout.sps > SpecSampler | ped_default_cutout.sps > TextureSamplerDiffPal | ped_default_enveff.sps > BumpSampler | ped_default_enveff.sps > SpecSampler | ped_default_enveff.sps > TextureSamplerDiffPal | ped_default_mp.sps > BumpSampler | ped_default_mp.sps > SpecSampler | ped_default_mp.sps > TextureSamplerDiffPal | ped_default_palette.sps > BumpSampler | ped_default_palette.sps > SpecSampler | ped_emissive.sps > TextureSamplerDiffPal | ped_enveff.sps > TextureSamplerDiffPal | ped_fur.sps > TextureSamplerDiffPal | ped_hair_cutout_alpha_cloth.sps > TextureSamplerDiffPal | ped_nopeddamagedecals.sps > TextureSamplerDiffPal | ped_wrinkle.sps > TextureSamplerDiffPal | ped_wrinkle_cloth.sps > TextureSamplerDiffPal | ped_wrinkle_cloth_enveff.sps > TextureSamplerDiffPal | ped_wrinkle_cs.sps > TextureSamplerDiffPal | ped_wrinkle_enveff.sps > TextureSamplerDiffPal
SEM_FFF1A8AA138DEBE2,COLOR_RGBA_BC3,active,1,PlateBgSampler,"{""A"": ""Alpha/coverage фона."", ""RGB"": ""Цвет фона номерного знака.""}",,,vehicle_licenseplate.sps > PlateBgSampler
