equivalence_id,member_count,base_name,render_bucket,members,basis
SHADER_EQ_0001,1,albedo_alpha,1,albedo_alpha.sps,"same base shader, render bucket, parameters and layouts"
SHADER_EQ_0002,1,default,1,alpha.sps,"same base shader, render bucket, parameters and layouts"
SHADER_EQ_0003,1,blend_2lyr,0,blend_2lyr.sps,"same base shader, render bucket, parameters and layouts"
SHADER_EQ_0004,1,cable,1,cable.sps,"same base shader, render bucket, parameters and layouts"
SHADER_EQ_0005,1,cloth_default,0,cloth_default.sps,"same base shader, render bucket, parameters and layouts"
SHADER_EQ_0006,1,cloth_normal_spec,0,cloth_normal_spec.sps,"same base shader, render bucket, parameters and layouts"
SHADER_EQ_0007,1,cloth_normal_spec,1,cloth_normal_spec_alpha.sps,"same base shader, render bucket, parameters and layouts"
SHADER_EQ_0008,1,cloth_normal_spec,3,cloth_normal_spec_cutout.sps,"same base shader, render bucket, parameters and layouts"
SHADER_EQ_0009,1,cloth_normal_spec_tnt,0,cloth_normal_spec_tnt.sps,"same base shader, render bucket, parameters and layouts"
SHADER_EQ_0010,1,cloth_spec_alpha,1,cloth_spec_alpha.sps,"same base shader, render bucket, parameters and layouts"
SHADER_EQ_0011,1,cloth_spec_alpha,3,cloth_spec_cutout.sps,"same base shader, render bucket, parameters and layouts"
SHADER_EQ_0012,1,clouds_altitude,0,clouds_altitude.sps,"same base shader, render bucket, parameters and layouts"
SHADER_EQ_0013,1,clouds_anim,0,clouds_anim.sps,"same base shader, render bucket, parameters and layouts"
SHADER_EQ_0014,1,clouds_animsoft,0,clouds_animsoft.sps,"same base shader, render bucket, parameters and layouts"
SHADER_EQ_0015,1,clouds_fast,0,clouds_fast.sps,"same base shader, render bucket, parameters and layouts"
SHADER_EQ_0016,1,clouds_fog,0,clouds_fog.sps,"same base shader, render bucket, parameters and layouts"
SHADER_EQ_0017,1,clouds_soft,0,clouds_soft.sps,"same base shader, render bucket, parameters and layouts"
SHADER_EQ_0018,1,cpv_only,0,cpv_only.sps,"same base shader, render bucket, parameters and layouts"
SHADER_EQ_0019,1,default,3,cutout.sps,"same base shader, render bucket, parameters and layouts"
SHADER_EQ_0020,1,cutout_fence,3,cutout_fence.sps,"same base shader, render bucket, parameters and layouts"
SHADER_EQ_0021,1,cutout_fence_normal,3,cutout_fence_normal.sps,"same base shader, render bucket, parameters and layouts"
SHADER_EQ_0022,1,cutout_hard,0,cutout_hard.sps,"same base shader, render bucket, parameters and layouts"
SHADER_EQ_0023,1,spec_tnt,3,cutout_spec_tnt.sps,"same base shader, render bucket, parameters and layouts"
SHADER_EQ_0024,1,default_tnt,3,cutout_tnt.sps,"same base shader, render bucket, parameters and layouts"
SHADER_EQ_0025,1,default_um,3,cutout_um.sps,"same base shader, render bucket, parameters and layouts"
SHADER_EQ_0026,1,decal,2,decal.sps,"same base shader, render bucket, parameters and layouts"
SHADER_EQ_0027,1,decal_amb_only,2,decal_amb_only.sps,"same base shader, render bucket, parameters and layouts"
SHADER_EQ_0028,1,decal_diff_only_um,2,decal_diff_only_um.sps,"same base shader, render bucket, parameters and layouts"
SHADER_EQ_0029,1,decal_dirt,2,decal_dirt.sps,"same base shader, render bucket, parameters and layouts"
SHADER_EQ_0030,1,decal_emissive_only,2,decal_emissive_only.sps,"same base shader, render bucket, parameters and layouts"
SHADER_EQ_0031,1,decal_emissivenight_only,2,decal_emissivenight_only.sps,"same base shader, render bucket, parameters and layouts"
SHADER_EQ_0032,1,decal_glue,2,decal_glue.sps,"same base shader, render bucket, parameters and layouts"
SHADER_EQ_0033,1,decal_normal_only,2,decal_normal_only.sps,"same base shader, render bucket, parameters and layouts"
SHADER_EQ_0034,1,decal_normal_spec_um,2,decal_normal_spec_um.sps,"same base shader, render bucket, parameters and layouts"
SHADER_EQ_0035,1,decal_shadow_only,2,decal_shadow_only.sps,"same base shader, render bucket, parameters and layouts"
SHADER_EQ_0036,1,decal_spec_only,2,decal_spec_only.sps,"same base shader, render bucket, parameters and layouts"
SHADER_EQ_0037,1,decal_tnt,2,decal_tnt.sps,"same base shader, render bucket, parameters and layouts"
SHADER_EQ_0038,3,default,0,default.sps | default_noedge.sps | gta_default.sps,"same base shader, render bucket, parameters and layouts"
SHADER_EQ_0039,1,default_detail,0,default_detail.sps,"same base shader, render bucket, parameters and layouts"
SHADER_EQ_0040,2,default_spec,0,default_spec.sps | spec_const.sps,"same base shader, render bucket, parameters and layouts"
SHADER_EQ_0041,1,default_terrain_wet,0,default_terrain_wet.sps,"same base shader, render bucket, parameters and layouts"
SHADER_EQ_0042,1,default_tnt,0,default_tnt.sps,"same base shader, render bucket, parameters and layouts"
SHADER_EQ_0043,1,default_um,0,default_um.sps,"same base shader, render bucket, parameters and layouts"
SHADER_EQ_0044,1,distance_map,2,distance_map.sps,"same base shader, render bucket, parameters and layouts"
SHADER_EQ_0045,1,emissive,0,emissive.sps,"same base shader, render bucket, parameters and layouts"
SHADER_EQ_0046,1,emissive_additive_alpha,1,emissive_additive_alpha.sps,"same base shader, render bucket, parameters and layouts"
SHADER_EQ_0047,1,emissive_additive_uv_alpha,1,emissive_additive_uv_alpha.sps,"same base shader, render bucket, parameters and layouts"
SHADER_EQ_0048,1,emissive,1,emissive_alpha.sps,"same base shader, render bucket, parameters and layouts"
SHADER_EQ_0049,1,emissive_tnt,1,emissive_alpha_tnt.sps,"same base shader, render bucket, parameters and layouts"
SHADER_EQ_0050,1,emissive_clip,0,emissive_clip.sps,"same base shader, render bucket, parameters and layouts"
SHADER_EQ_0051,1,emissive_speclum,0,emissive_speclum.sps,"same base shader, render bucket, parameters and layouts"
SHADER_EQ_0052,1,emissive_tnt,0,emissive_tnt.sps,"same base shader, render bucket, parameters and layouts"
SHADER_EQ_0053,1,emissivenight,0,emissivenight.sps,"same base shader, render bucket, parameters and layouts"
SHADER_EQ_0054,1,emissivenight,1,emissivenight_alpha.sps,"same base shader, render bucket, parameters and layouts"
SHADER_EQ_0055,1,emissivenight_geomnightonly,0,emissivenight_geomnightonly.sps,"same base shader, render bucket, parameters and layouts"
SHADER_EQ_0056,1,emissivestrong,0,emissivestrong.sps,"same base shader, render bucket, parameters and layouts"
SHADER_EQ_0057,1,emissivestrong,1,emissivestrong_alpha.sps,"same base shader, render bucket, parameters and layouts"
SHADER_EQ_0058,1,glass,1,glass.sps,"same base shader, render bucket, parameters and layouts"
SHADER_EQ_0059,1,glass_breakable,1,glass_breakable.sps,"same base shader, render bucket, parameters and layouts"
SHADER_EQ_0060,1,glass_breakable,3,glass_breakable_screendooralpha.sps,"same base shader, render bucket, parameters and layouts"
SHADER_EQ_0061,1,glass_displacement,7,glass_displacement.sps,"same base shader, render bucket, parameters and layouts"
SHADER_EQ_0062,1,glass_emissive,0,glass_emissive.sps,"same base shader, render bucket, parameters and layouts"
SHADER_EQ_0063,1,glass_emissive,1,glass_emissive_alpha.sps,"same base shader, render bucket, parameters and layouts"
SHADER_EQ_0064,2,glass_emissivenight,1,glass_emissivenight.sps | glass_emissivenight_alpha.sps,"same base shader, render bucket, parameters and layouts"
SHADER_EQ_0065,1,glass_env,1,glass_env.sps,"same base shader, render bucket, parameters and layouts"
SHADER_EQ_0066,1,glass_normal_spec_reflect,1,glass_normal_spec_reflect.sps,"same base shader, render bucket, parameters and layouts"
SHADER_EQ_0067,1,glass_pv,1,glass_pv.sps,"same base shader, render bucket, parameters and layouts"
SHADER_EQ_0068,1,glass_pv_env,1,glass_pv_env.sps,"same base shader, render bucket, parameters and layouts"
SHADER_EQ_0069,1,glass_reflect,1,glass_reflect.sps,"same base shader, render bucket, parameters and layouts"
SHADER_EQ_0070,1,glass_spec,1,glass_spec.sps,"same base shader, render bucket, parameters and layouts"
SHADER_EQ_0071,1,grass,3,grass.sps,"same base shader, render bucket, parameters and layouts"
SHADER_EQ_0072,1,grass_batch,3,grass_batch.sps,"same base shader, render bucket, parameters and layouts"
SHADER_EQ_0073,1,grass_fur,3,grass_fur.sps,"same base shader, render bucket, parameters and layouts"
SHADER_EQ_0074,1,grass_fur_mask,3,grass_fur_mask.sps,"same base shader, render bucket, parameters and layouts"
SHADER_EQ_0075,2,normal,0,gta_normal.sps | normal.sps,"same base shader, render bucket, parameters and layouts"
SHADER_EQ_0076,2,radar,0,gta_radar.sps | radar.sps,"same base shader, render bucket, parameters and layouts"
SHADER_EQ_0077,2,reflect,1,gta_reflect_alpha.sps | reflect_alpha.sps,"same base shader, render bucket, parameters and layouts"
SHADER_EQ_0078,2,spec,0,gta_spec.sps | spec.sps,"same base shader, render bucket, parameters and layouts"
SHADER_EQ_0079,1,minimap,0,minimap.sps,"same base shader, render bucket, parameters and layouts"
SHADER_EQ_0080,1,mirror_crack,1,mirror_crack.sps,"same base shader, render bucket, parameters and layouts"
SHADER_EQ_0081,1,mirror_decal,1,mirror_decal.sps,"same base shader, render bucket, parameters and layouts"
SHADER_EQ_0082,1,mirror_default,1,mirror_default.sps,"same base shader, render bucket, parameters and layouts"
SHADER_EQ_0083,1,normal,1,normal_alpha.sps,"same base shader, render bucket, parameters and layouts"
SHADER_EQ_0084,1,normal_cubemap_reflect,0,normal_cubemap_reflect.sps,"same base shader, render bucket, parameters and layouts"
SHADER_EQ_0085,2,normal,3,normal_cutout.sps | normal_screendooralpha.sps,"same base shader, render bucket, parameters and layouts"
SHADER_EQ_0086,1,normal_tnt,3,normal_cutout_tnt.sps,"same base shader, render bucket, parameters and layouts"
SHADER_EQ_0087,1,normal_um,3,normal_cutout_um.sps,"same base shader, render bucket, parameters and layouts"
SHADER_EQ_0088,1,normal_decal,2,normal_decal.sps,"same base shader, render bucket, parameters and layouts"
SHADER_EQ_0089,1,normal_decal_pxm,2,normal_decal_pxm.sps,"same base shader, render bucket, parameters and layouts"
SHADER_EQ_0090,1,normal_decal_pxm_tnt,2,normal_decal_pxm_tnt.sps,"same base shader, render bucket, parameters and layouts"
SHADER_EQ_0091,1,normal_decal_tnt,2,normal_decal_tnt.sps,"same base shader, render bucket, parameters and layouts"
SHADER_EQ_0092,1,normal_detail,0,normal_detail.sps,"same base shader, render bucket, parameters and layouts"
SHADER_EQ_0093,1,normal_detail_dpm,0,normal_detail_dpm.sps,"same base shader, render bucket, parameters and layouts"
SHADER_EQ_0094,1,normal_diffspec,0,normal_diffspec.sps,"same base shader, render bucket, parameters and layouts"
SHADER_EQ_0095,1,normal_diffspec_detail,0,normal_diffspec_detail.sps,"same base shader, render bucket, parameters and layouts"
SHADER_EQ_0096,1,normal_diffspec_detail_dpm,0,normal_diffspec_detail_dpm.sps,"same base shader, render bucket, parameters and layouts"
SHADER_EQ_0097,1,normal_diffspec_detail_dpm_tnt,0,normal_diffspec_detail_dpm_tnt.sps,"same base shader, render bucket, parameters and layouts"
SHADER_EQ_0098,1,normal_diffspec_detail_tnt,0,normal_diffspec_detail_tnt.sps,"same base shader, render bucket, parameters and layouts"
SHADER_EQ_0099,1,normal_diffspec_tnt,0,normal_diffspec_tnt.sps,"same base shader, render bucket, parameters and layouts"
SHADER_EQ_0100,1,normal_pxm,0,normal_pxm.sps,"same base shader, render bucket, parameters and layouts"
SHADER_EQ_0101,2,normal_pxm_tnt,0,normal_pxm_tnt.sps | normal_tnt_pxm.sps,"same base shader, render bucket, parameters and layouts"
SHADER_EQ_0102,1,normal_reflect,0,normal_reflect.sps,"same base shader, render bucket, parameters and layouts"
SHADER_EQ_0103,1,normal_reflect,1,normal_reflect_alpha.sps,"same base shader, render bucket, parameters and layouts"
SHADER_EQ_0104,1,normal_reflect_decal,2,normal_reflect_decal.sps,"same base shader, render bucket, parameters and layouts"
SHADER_EQ_0105,1,normal_reflect,3,normal_reflect_screendooralpha.sps,"same base shader, render bucket, parameters and layouts"
SHADER_EQ_0106,1,normal_spec,0,normal_spec.sps,"same base shader, render bucket, parameters and layouts"
SHADER_EQ_0107,1,normal_spec,1,normal_spec_alpha.sps,"same base shader, render bucket, parameters and layouts"
SHADER_EQ_0108,1,normal_spec_batch,3,normal_spec_batch.sps,"same base shader, render bucket, parameters and layouts"
SHADER_EQ_0109,1,normal_spec_cubemap_reflect,0,normal_spec_cubemap_reflect.sps,"same base shader, render bucket, parameters and layouts"
SHADER_EQ_0110,2,normal_spec,3,normal_spec_cutout.sps | normal_spec_screendooralpha.sps,"same base shader, render bucket, parameters and layouts"
SHADER_EQ_0111,1,normal_spec_tnt,3,normal_spec_cutout_tnt.sps,"same base shader, render bucket, parameters and layouts"
SHADER_EQ_0112,1,normal_spec_decal,2,normal_spec_decal.sps,"same base shader, render bucket, parameters and layouts"
SHADER_EQ_0113,1,normal_spec_decal_detail,2,normal_spec_decal_detail.sps,"same base shader, render bucket, parameters and layouts"
SHADER_EQ_0114,1,normal_spec_decal_nopuddle,2,normal_spec_decal_nopuddle.sps,"same base shader, render bucket, parameters and layouts"
SHADER_EQ_0115,1,normal_spec_decal_pxm,2,normal_spec_decal_pxm.sps,"same base shader, render bucket, parameters and layouts"
SHADER_EQ_0116,1,normal_spec_decal_tnt,2,normal_spec_decal_tnt.sps,"same base shader, render bucket, parameters and layouts"
SHADER_EQ_0117,1,normal_spec_detail,0,normal_spec_detail.sps,"same base shader, render bucket, parameters and layouts"
SHADER_EQ_0118,1,normal_spec_detail_dpm,0,normal_spec_detail_dpm.sps,"same base shader, render bucket, parameters and layouts"
SHADER_EQ_0119,1,normal_spec_detail_dpm_tnt,0,normal_spec_detail_dpm_tnt.sps,"same base shader, render bucket, parameters and layouts"
SHADER_EQ_0120,1,normal_spec_detail_dpm_vertdecal_tnt,0,normal_spec_detail_dpm_vertdecal_tnt.sps,"same base shader, render bucket, parameters and layouts"
SHADER_EQ_0121,1,normal_spec_detail_tnt,0,normal_spec_detail_tnt.sps,"same base shader, render bucket, parameters and layouts"
SHADER_EQ_0122,1,normal_spec_dpm,0,normal_spec_dpm.sps,"same base shader, render bucket, parameters and layouts"
SHADER_EQ_0123,1,normal_spec_emissive,0,normal_spec_emissive.sps,"same base shader, render bucket, parameters and layouts"
SHADER_EQ_0124,1,normal_spec_pxm,0,normal_spec_pxm.sps,"same base shader, render bucket, parameters and layouts"
SHADER_EQ_0125,2,normal_spec_pxm_tnt,0,normal_spec_pxm_tnt.sps | normal_spec_tnt_pxm.sps,"same base shader, render bucket, parameters and layouts"
SHADER_EQ_0126,1,normal_spec_reflect,0,normal_spec_reflect.sps,"same base shader, render bucket, parameters and layouts"
SHADER_EQ_0127,1,normal_spec_reflect,1,normal_spec_reflect_alpha.sps,"same base shader, render bucket, parameters and layouts"
SHADER_EQ_0128,1,normal_spec_reflect_decal,2,normal_spec_reflect_decal.sps,"same base shader, render bucket, parameters and layouts"
SHADER_EQ_0129,1,normal_spec_reflect_emissivenight,0,normal_spec_reflect_emissivenight.sps,"same base shader, render bucket, parameters and layouts"
SHADER_EQ_0130,1,normal_spec_reflect_emissivenight,1,normal_spec_reflect_emissivenight_alpha.sps,"same base shader, render bucket, parameters and layouts"
SHADER_EQ_0131,1,normal_spec_tnt,0,normal_spec_tnt.sps,"same base shader, render bucket, parameters and layouts"
SHADER_EQ_0132,1,normal_spec_um,0,normal_spec_um.sps,"same base shader, render bucket, parameters and layouts"
SHADER_EQ_0133,1,normal_spec_wrinkle,0,normal_spec_wrinkle.sps,"same base shader, render bucket, parameters and layouts"
SHADER_EQ_0134,1,normal_terrain_wet,0,normal_terrain_wet.sps,"same base shader, render bucket, parameters and layouts"
SHADER_EQ_0135,1,normal_tnt,0,normal_tnt.sps,"same base shader, render bucket, parameters and layouts"
SHADER_EQ_0136,1,normal_tnt,1,normal_tnt_alpha.sps,"same base shader, render bucket, parameters and layouts"
SHADER_EQ_0137,1,normal_um,0,normal_um.sps,"same base shader, render bucket, parameters and layouts"
SHADER_EQ_0138,1,normal_um_tnt,0,normal_um_tnt.sps,"same base shader, render bucket, parameters and layouts"
SHADER_EQ_0139,1,parallax,0,parallax.sps,"same base shader, render bucket, parameters and layouts"
SHADER_EQ_0140,1,parallax_specmap,0,parallax_specmap.sps,"same base shader, render bucket, parameters and layouts"
SHADER_EQ_0141,1,ped,0,ped.sps,"same base shader, render bucket, parameters and layouts"
SHADER_EQ_0142,1,ped_alpha,1,ped_alpha.sps,"same base shader, render bucket, parameters and layouts"
SHADER_EQ_0143,1,ped_cloth,0,ped_cloth.sps,"same base shader, render bucket, parameters and layouts"
SHADER_EQ_0144,1,ped_cloth_enveff,0,ped_cloth_enveff.sps,"same base shader, render bucket, parameters and layouts"
SHADER_EQ_0145,1,ped_decal,2,ped_decal.sps,"same base shader, render bucket, parameters and layouts"
SHADER_EQ_0146,1,ped_decal_decoration,2,ped_decal_decoration.sps,"same base shader, render bucket, parameters and layouts"
SHADER_EQ_0147,1,ped_decal_exp,2,ped_decal_expensive.sps,"same base shader, render bucket, parameters and layouts"
SHADER_EQ_0148,1,ped_decal_nodiff,2,ped_decal_nodiff.sps,"same base shader, render bucket, parameters and layouts"
SHADER_EQ_0149,1,ped_default,0,ped_default.sps,"same base shader, render bucket, parameters and layouts"
SHADER_EQ_0150,1,ped_default_cloth,0,ped_default_cloth.sps,"same base shader, render bucket, parameters and layouts"
SHADER_EQ_0151,1,ped_default,3,ped_default_cutout.sps,"same base shader, render bucket, parameters and layouts"
SHADER_EQ_0152,1,ped_default_enveff,0,ped_default_enveff.sps,"same base shader, render bucket, parameters and layouts"
SHADER_EQ_0153,1,ped_default_mp,0,ped_default_mp.sps,"same base shader, render bucket, parameters and layouts"
SHADER_EQ_0154,1,ped_default_palette,0,ped_default_palette.sps,"same base shader, render bucket, parameters and layouts"
SHADER_EQ_0155,1,ped_emissive,0,ped_emissive.sps,"same base shader, render bucket, parameters and layouts"
SHADER_EQ_0156,1,ped_enveff,0,ped_enveff.sps,"same base shader, render bucket, parameters and layouts"
SHADER_EQ_0157,1,ped_fur,3,ped_fur.sps,"same base shader, render bucket, parameters and layouts"
SHADER_EQ_0158,1,ped_hair_cutout_alpha,3,ped_hair_cutout_alpha.sps,"same base shader, render bucket, parameters and layouts"
SHADER_EQ_0159,1,ped_hair_cutout_alpha_cloth,3,ped_hair_cutout_alpha_cloth.sps,"same base shader, render bucket, parameters and layouts"
SHADER_EQ_0160,1,ped_hair_spiked,3,ped_hair_spiked.sps,"same base shader, render bucket, parameters and layouts"
SHADER_EQ_0161,1,ped_nopeddamagedecals,0,ped_nopeddamagedecals.sps,"same base shader, render bucket, parameters and layouts"
SHADER_EQ_0162,1,ped_palette,0,ped_palette.sps,"same base shader, render bucket, parameters and layouts"
SHADER_EQ_0163,1,ped_wrinkle,0,ped_wrinkle.sps,"same base shader, render bucket, parameters and layouts"
SHADER_EQ_0164,1,ped_wrinkle_cloth,0,ped_wrinkle_cloth.sps,"same base shader, render bucket, parameters and layouts"
SHADER_EQ_0165,1,ped_wrinkle_cloth_enveff,0,ped_wrinkle_cloth_enveff.sps,"same base shader, render bucket, parameters and layouts"
SHADER_EQ_0166,1,ped_wrinkle_cs,0,ped_wrinkle_cs.sps,"same base shader, render bucket, parameters and layouts"
SHADER_EQ_0167,1,ped_wrinkle_enveff,0,ped_wrinkle_enveff.sps,"same base shader, render bucket, parameters and layouts"
SHADER_EQ_0168,1,ptfx_model,1,ptfx_model.sps,"same base shader, render bucket, parameters and layouts"
SHADER_EQ_0169,1,reflect,0,reflect.sps,"same base shader, render bucket, parameters and layouts"
SHADER_EQ_0170,1,reflect_decal,2,reflect_decal.sps,"same base shader, render bucket, parameters and layouts"
SHADER_EQ_0171,1,sky_system,0,sky_system.sps,"same base shader, render bucket, parameters and layouts"
SHADER_EQ_0172,1,spec,1,spec_alpha.sps,"same base shader, render bucket, parameters and layouts"
SHADER_EQ_0173,1,spec_decal,2,spec_decal.sps,"same base shader, render bucket, parameters and layouts"
SHADER_EQ_0174,1,spec_reflect,0,spec_reflect.sps,"same base shader, render bucket, parameters and layouts"
SHADER_EQ_0175,1,spec_reflect,1,spec_reflect_alpha.sps,"same base shader, render bucket, parameters and layouts"
SHADER_EQ_0176,1,spec_reflect_decal,2,spec_reflect_decal.sps,"same base shader, render bucket, parameters and layouts"
SHADER_EQ_0177,1,spec,3,spec_screendooralpha.sps,"same base shader, render bucket, parameters and layouts"
SHADER_EQ_0178,1,spec_tnt,0,spec_tnt.sps,"same base shader, render bucket, parameters and layouts"
SHADER_EQ_0179,1,spec_twiddle_tnt,0,spec_twiddle_tnt.sps,"same base shader, render bucket, parameters and layouts"
SHADER_EQ_0180,1,terrain_cb_4lyr,0,terrain_cb_4lyr.sps,"same base shader, render bucket, parameters and layouts"
SHADER_EQ_0181,1,terrain_cb_4lyr_2tex,0,terrain_cb_4lyr_2tex.sps,"same base shader, render bucket, parameters and layouts"
SHADER_EQ_0182,1,terrain_cb_4lyr_lod,0,terrain_cb_4lyr_lod.sps,"same base shader, render bucket, parameters and layouts"
SHADER_EQ_0183,1,terrain_cb_w_4lyr,0,terrain_cb_w_4lyr.sps,"same base shader, render bucket, parameters and layouts"
SHADER_EQ_0184,1,terrain_cb_w_4lyr_2tex,0,terrain_cb_w_4lyr_2tex.sps,"same base shader, render bucket, parameters and layouts"
SHADER_EQ_0185,1,terrain_cb_w_4lyr_2tex_blend,0,terrain_cb_w_4lyr_2tex_blend.sps,"same base shader, render bucket, parameters and layouts"
SHADER_EQ_0186,1,terrain_cb_w_4lyr_2tex_blend_lod,0,terrain_cb_w_4lyr_2tex_blend_lod.sps,"same base shader, render bucket, parameters and layouts"
SHADER_EQ_0187,1,terrain_cb_w_4lyr_2tex_blend_pxm,0,terrain_cb_w_4lyr_2tex_blend_pxm.sps,"same base shader, render bucket, parameters and layouts"
SHADER_EQ_0188,1,terrain_cb_w_4lyr_2tex_blend_pxm_spm,0,terrain_cb_w_4lyr_2tex_blend_pxm_spm.sps,"same base shader, render bucket, parameters and layouts"
SHADER_EQ_0189,1,terrain_cb_w_4lyr_2tex_pxm,0,terrain_cb_w_4lyr_2tex_pxm.sps,"same base shader, render bucket, parameters and layouts"
SHADER_EQ_0190,1,terrain_cb_w_4lyr_cm,0,terrain_cb_w_4lyr_cm.sps,"same base shader, render bucket, parameters and layouts"
SHADER_EQ_0191,1,terrain_cb_w_4lyr_cm_pxm,0,terrain_cb_w_4lyr_cm_pxm.sps,"same base shader, render bucket, parameters and layouts"
SHADER_EQ_0192,1,terrain_cb_w_4lyr_cm_pxm_tnt,0,terrain_cb_w_4lyr_cm_pxm_tnt.sps,"same base shader, render bucket, parameters and layouts"
SHADER_EQ_0193,1,terrain_cb_w_4lyr_cm_tnt,0,terrain_cb_w_4lyr_cm_tnt.sps,"same base shader, render bucket, parameters and layouts"
SHADER_EQ_0194,1,terrain_cb_w_4lyr_lod,0,terrain_cb_w_4lyr_lod.sps,"same base shader, render bucket, parameters and layouts"
SHADER_EQ_0195,1,terrain_cb_w_4lyr_pxm,0,terrain_cb_w_4lyr_pxm.sps,"same base shader, render bucket, parameters and layouts"
SHADER_EQ_0196,1,terrain_cb_w_4lyr_pxm_spm,0,terrain_cb_w_4lyr_pxm_spm.sps,"same base shader, render bucket, parameters and layouts"
SHADER_EQ_0197,1,terrain_cb_w_4lyr_spec,0,terrain_cb_w_4lyr_spec.sps,"same base shader, render bucket, parameters and layouts"
SHADER_EQ_0198,1,terrain_cb_w_4lyr_spec_int,0,terrain_cb_w_4lyr_spec_int.sps,"same base shader, render bucket, parameters and layouts"
SHADER_EQ_0199,1,terrain_cb_w_4lyr_spec_int_pxm,0,terrain_cb_w_4lyr_spec_int_pxm.sps,"same base shader, render bucket, parameters and layouts"
SHADER_EQ_0200,1,terrain_cb_w_4lyr_spec_pxm,0,terrain_cb_w_4lyr_spec_pxm.sps,"same base shader, render bucket, parameters and layouts"
SHADER_EQ_0201,1,trees,3,trees.sps,"same base shader, render bucket, parameters and layouts"
SHADER_EQ_0202,1,trees_lod,3,trees_lod.sps,"same base shader, render bucket, parameters and layouts"
SHADER_EQ_0203,1,trees_lod2,3,trees_lod2.sps,"same base shader, render bucket, parameters and layouts"
SHADER_EQ_0204,1,trees_lod_tnt,3,trees_lod_tnt.sps,"same base shader, render bucket, parameters and layouts"
SHADER_EQ_0205,1,trees_normal,3,trees_normal.sps,"same base shader, render bucket, parameters and layouts"
SHADER_EQ_0206,1,trees_normal_diffspec,3,trees_normal_diffspec.sps,"same base shader, render bucket, parameters and layouts"
SHADER_EQ_0207,1,trees_normal_diffspec_tnt,3,trees_normal_diffspec_tnt.sps,"same base shader, render bucket, parameters and layouts"
SHADER_EQ_0208,1,trees_normal_spec,3,trees_normal_spec.sps,"same base shader, render bucket, parameters and layouts"
SHADER_EQ_0209,1,trees_normal_spec_tnt,3,trees_normal_spec_tnt.sps,"same base shader, render bucket, parameters and layouts"
SHADER_EQ_0210,1,trees_shadow_proxy,3,trees_shadow_proxy.sps,"same base shader, render bucket, parameters and layouts"
SHADER_EQ_0211,1,trees_tnt,3,trees_tnt.sps,"same base shader, render bucket, parameters and layouts"
SHADER_EQ_0212,1,vehicle_badges,1,vehicle_badges.sps,"same base shader, render bucket, parameters and layouts"
SHADER_EQ_0213,1,vehicle_basic,0,vehicle_basic.sps,"same base shader, render bucket, parameters and layouts"
SHADER_EQ_0214,1,vehicle_blurredrotor,1,vehicle_blurredrotor.sps,"same base shader, render bucket, parameters and layouts"
SHADER_EQ_0215,1,vehicle_blurredrotor_emissive,1,vehicle_blurredrotor_emissive.sps,"same base shader, render bucket, parameters and layouts"
SHADER_EQ_0216,1,vehicle_cloth,0,vehicle_cloth.sps,"same base shader, render bucket, parameters and layouts"
SHADER_EQ_0217,1,vehicle_cloth2,0,vehicle_cloth2.sps,"same base shader, render bucket, parameters and layouts"
SHADER_EQ_0218,1,vehicle_cutout,3,vehicle_cutout.sps,"same base shader, render bucket, parameters and layouts"
SHADER_EQ_0219,1,vehicle_dash_emissive,1,vehicle_dash_emissive.sps,"same base shader, render bucket, parameters and layouts"
SHADER_EQ_0220,1,vehicle_dash_emissive_opaque,0,vehicle_dash_emissive_opaque.sps,"same base shader, render bucket, parameters and layouts"
SHADER_EQ_0221,1,vehicle_decal,1,vehicle_decal.sps,"same base shader, render bucket, parameters and layouts"
SHADER_EQ_0222,1,vehicle_decal2,2,vehicle_decal2.sps,"same base shader, render bucket, parameters and layouts"
SHADER_EQ_0223,1,vehicle_detail,0,vehicle_detail.sps,"same base shader, render bucket, parameters and layouts"
SHADER_EQ_0224,1,vehicle_detail2,0,vehicle_detail2.sps,"same base shader, render bucket, parameters and layouts"
SHADER_EQ_0225,1,vehicle_emissive_alpha,1,vehicle_emissive_alpha.sps,"same base shader, render bucket, parameters and layouts"
SHADER_EQ_0226,1,vehicle_emissive_opaque,0,vehicle_emissive_opaque.sps,"same base shader, render bucket, parameters and layouts"
SHADER_EQ_0227,1,vehicle_generic,0,vehicle_generic.sps,"same base shader, render bucket, parameters and layouts"
SHADER_EQ_0228,1,vehicle_interior,0,vehicle_interior.sps,"same base shader, render bucket, parameters and layouts"
SHADER_EQ_0229,1,vehicle_interior2,0,vehicle_interior2.sps,"same base shader, render bucket, parameters and layouts"
SHADER_EQ_0230,1,vehicle_licenseplate,0,vehicle_licenseplate.sps,"same base shader, render bucket, parameters and layouts"
SHADER_EQ_0231,2,vehicle_vehglass,1,vehicle_lights.sps | vehicle_vehglass.sps,"same base shader, render bucket, parameters and layouts"
SHADER_EQ_0232,1,vehicle_lightsemissive,1,vehicle_lightsemissive.sps,"same base shader, render bucket, parameters and layouts"
SHADER_EQ_0233,1,vehicle_lightsemissive_siren,1,vehicle_lightsemissive_siren.sps,"same base shader, render bucket, parameters and layouts"
SHADER_EQ_0234,1,vehicle_mesh,0,vehicle_mesh.sps,"same base shader, render bucket, parameters and layouts"
SHADER_EQ_0235,1,vehicle_mesh2_enveff,0,vehicle_mesh2_enveff.sps,"same base shader, render bucket, parameters and layouts"
SHADER_EQ_0236,1,vehicle_mesh_enveff,0,vehicle_mesh_enveff.sps,"same base shader, render bucket, parameters and layouts"
SHADER_EQ_0237,1,vehicle_paint1,4,vehicle_nosplash.sps,"same base shader, render bucket, parameters and layouts"
SHADER_EQ_0238,1,vehicle_paint1,5,vehicle_nowater.sps,"same base shader, render bucket, parameters and layouts"
SHADER_EQ_0239,1,vehicle_paint1,0,vehicle_paint1.sps,"same base shader, render bucket, parameters and layouts"
SHADER_EQ_0240,1,vehicle_paint1_enveff,0,vehicle_paint1_enveff.sps,"same base shader, render bucket, parameters and layouts"
SHADER_EQ_0241,1,vehicle_paint2,0,vehicle_paint2.sps,"same base shader, render bucket, parameters and layouts"
SHADER_EQ_0242,1,vehicle_paint2_enveff,0,vehicle_paint2_enveff.sps,"same base shader, render bucket, parameters and layouts"
SHADER_EQ_0243,1,vehicle_paint3,0,vehicle_paint3.sps,"same base shader, render bucket, parameters and layouts"
SHADER_EQ_0244,1,vehicle_paint3_enveff,0,vehicle_paint3_enveff.sps,"same base shader, render bucket, parameters and layouts"
SHADER_EQ_0245,1,vehicle_paint3_lvr,0,vehicle_paint3_lvr.sps,"same base shader, render bucket, parameters and layouts"
SHADER_EQ_0246,1,vehicle_paint4,0,vehicle_paint4.sps,"same base shader, render bucket, parameters and layouts"
SHADER_EQ_0247,1,vehicle_paint4_emissive,0,vehicle_paint4_emissive.sps,"same base shader, render bucket, parameters and layouts"
SHADER_EQ_0248,1,vehicle_paint4_enveff,0,vehicle_paint4_enveff.sps,"same base shader, render bucket, parameters and layouts"
SHADER_EQ_0249,1,vehicle_paint5_enveff,0,vehicle_paint5_enveff.sps,"same base shader, render bucket, parameters and layouts"
SHADER_EQ_0250,1,vehicle_paint6,0,vehicle_paint6.sps,"same base shader, render bucket, parameters and layouts"
SHADER_EQ_0251,1,vehicle_paint6_enveff,0,vehicle_paint6_enveff.sps,"same base shader, render bucket, parameters and layouts"
SHADER_EQ_0252,1,vehicle_paint7,0,vehicle_paint7.sps,"same base shader, render bucket, parameters and layouts"
SHADER_EQ_0253,1,vehicle_paint7_enveff,0,vehicle_paint7_enveff.sps,"same base shader, render bucket, parameters and layouts"
SHADER_EQ_0254,1,vehicle_paint8,0,vehicle_paint8.sps,"same base shader, render bucket, parameters and layouts"
SHADER_EQ_0255,1,vehicle_paint9,0,vehicle_paint9.sps,"same base shader, render bucket, parameters and layouts"
SHADER_EQ_0256,1,vehicle_shuts,0,vehicle_shuts.sps,"same base shader, render bucket, parameters and layouts"
SHADER_EQ_0257,1,vehicle_tire,0,vehicle_tire.sps,"same base shader, render bucket, parameters and layouts"
SHADER_EQ_0258,1,vehicle_tire_emissive,0,vehicle_tire_emissive.sps,"same base shader, render bucket, parameters and layouts"
SHADER_EQ_0259,1,vehicle_track,0,vehicle_track.sps,"same base shader, render bucket, parameters and layouts"
SHADER_EQ_0260,1,vehicle_track2,0,vehicle_track2.sps,"same base shader, render bucket, parameters and layouts"
SHADER_EQ_0261,1,vehicle_track2_emissive,0,vehicle_track2_emissive.sps,"same base shader, render bucket, parameters and layouts"
SHADER_EQ_0262,1,vehicle_track_ammo,0,vehicle_track_ammo.sps,"same base shader, render bucket, parameters and layouts"
SHADER_EQ_0263,1,vehicle_track_emissive,0,vehicle_track_emissive.sps,"same base shader, render bucket, parameters and layouts"
SHADER_EQ_0264,1,vehicle_track_siren,1,vehicle_track_siren.sps,"same base shader, render bucket, parameters and layouts"
SHADER_EQ_0265,1,vehicle_vehglass_inner,1,vehicle_vehglass_inner.sps,"same base shader, render bucket, parameters and layouts"
SHADER_EQ_0266,1,normal,2,water_decal.sps,"same base shader, render bucket, parameters and layouts"
SHADER_EQ_0267,1,water_fountain,6,water_fountain.sps,"same base shader, render bucket, parameters and layouts"
SHADER_EQ_0268,1,water_poolenv,6,water_poolenv.sps,"same base shader, render bucket, parameters and layouts"
SHADER_EQ_0269,1,water_river,6,water_river.sps,"same base shader, render bucket, parameters and layouts"
SHADER_EQ_0270,1,water_riverfoam,6,water_riverfoam.sps,"same base shader, render bucket, parameters and layouts"
SHADER_EQ_0271,1,water_riverlod,6,water_riverlod.sps,"same base shader, render bucket, parameters and layouts"
SHADER_EQ_0272,1,water_riverocean,6,water_riverocean.sps,"same base shader, render bucket, parameters and layouts"
SHADER_EQ_0273,1,water_rivershallow,6,water_rivershallow.sps,"same base shader, render bucket, parameters and layouts"
SHADER_EQ_0274,1,water_shallow,6,water_shallow.sps,"same base shader, render bucket, parameters and layouts"
SHADER_EQ_0275,1,water_terrainfoam,2,water_terrainfoam.sps,"same base shader, render bucket, parameters and layouts"
SHADER_EQ_0276,1,weapon_emissive_tnt,0,weapon_emissive_tnt.sps,"same base shader, render bucket, parameters and layouts"
SHADER_EQ_0277,1,weapon_emissivestrong_alpha,1,weapon_emissivestrong_alpha.sps,"same base shader, render bucket, parameters and layouts"
SHADER_EQ_0278,1,weapon_normal_spec_alpha,1,weapon_normal_spec_alpha.sps,"same base shader, render bucket, parameters and layouts"
SHADER_EQ_0279,1,weapon_normal_spec_cutout_palette,3,weapon_normal_spec_cutout_palette.sps,"same base shader, render bucket, parameters and layouts"
SHADER_EQ_0280,1,weapon_normal_spec_detail_palette,0,weapon_normal_spec_detail_palette.sps,"same base shader, render bucket, parameters and layouts"
SHADER_EQ_0281,1,weapon_normal_spec_detail_tnt,0,weapon_normal_spec_detail_tnt.sps,"same base shader, render bucket, parameters and layouts"
SHADER_EQ_0282,1,weapon_normal_spec_palette,0,weapon_normal_spec_palette.sps,"same base shader, render bucket, parameters and layouts"
SHADER_EQ_0283,1,weapon_normal_spec_tnt,0,weapon_normal_spec_tnt.sps,"same base shader, render bucket, parameters and layouts"
