selector,equivalence_id,member_count,base_name,render_bucket,structure_fingerprint,members,basis
albedo_alpha.sps,SHADER_EQ_0001,1,albedo_alpha,1,823450d0e6ca511e,albedo_alpha.sps,"same base shader, render bucket, parameters and layouts"
alpha.sps,SHADER_EQ_0002,1,default,1,6e1f9c294ac8ec80,alpha.sps,"same base shader, render bucket, parameters and layouts"
blend_2lyr.sps,SHADER_EQ_0003,1,blend_2lyr,0,471613f64a51f76d,blend_2lyr.sps,"same base shader, render bucket, parameters and layouts"
cable.sps,SHADER_EQ_0004,1,cable,1,c8ae72f56a2f53ca,cable.sps,"same base shader, render bucket, parameters and layouts"
cloth_default.sps,SHADER_EQ_0005,1,cloth_default,0,99eecb6328d7f190,cloth_default.sps,"same base shader, render bucket, parameters and layouts"
cloth_normal_spec.sps,SHADER_EQ_0006,1,cloth_normal_spec,0,bd0eb37cae35e7cf,cloth_normal_spec.sps,"same base shader, render bucket, parameters and layouts"
cloth_normal_spec_alpha.sps,SHADER_EQ_0007,1,cloth_normal_spec,1,bd0eb37cae35e7cf,cloth_normal_spec_alpha.sps,"same base shader, render bucket, parameters and layouts"
cloth_normal_spec_cutout.sps,SHADER_EQ_0008,1,cloth_normal_spec,3,bd0eb37cae35e7cf,cloth_normal_spec_cutout.sps,"same base shader, render bucket, parameters and layouts"
cloth_normal_spec_tnt.sps,SHADER_EQ_0009,1,cloth_normal_spec_tnt,0,4933a3f44b416415,cloth_normal_spec_tnt.sps,"same base shader, render bucket, parameters and layouts"
cloth_spec_alpha.sps,SHADER_EQ_0010,1,cloth_spec_alpha,1,2a65d46b4a9f1670,cloth_spec_alpha.sps,"same base shader, render bucket, parameters and layouts"
cloth_spec_cutout.sps,SHADER_EQ_0011,1,cloth_spec_alpha,3,2a65d46b4a9f1670,cloth_spec_cutout.sps,"same base shader, render bucket, parameters and layouts"
clouds_altitude.sps,SHADER_EQ_0012,1,clouds_altitude,0,d28945c07d972fd0,clouds_altitude.sps,"same base shader, render bucket, parameters and layouts"
clouds_anim.sps,SHADER_EQ_0013,1,clouds_anim,0,badb85fddac52666,clouds_anim.sps,"same base shader, render bucket, parameters and layouts"
clouds_animsoft.sps,SHADER_EQ_0014,1,clouds_animsoft,0,ce21449f346f7ce8,clouds_animsoft.sps,"same base shader, render bucket, parameters and layouts"
clouds_fast.sps,SHADER_EQ_0015,1,clouds_fast,0,af2d4c2eb76fd76a,clouds_fast.sps,"same base shader, render bucket, parameters and layouts"
clouds_fog.sps,SHADER_EQ_0016,1,clouds_fog,0,47c5572d6214c5ef,clouds_fog.sps,"same base shader, render bucket, parameters and layouts"
clouds_soft.sps,SHADER_EQ_0017,1,clouds_soft,0,48790ade14be4f99,clouds_soft.sps,"same base shader, render bucket, parameters and layouts"
cpv_only.sps,SHADER_EQ_0018,1,cpv_only,0,76101000dc568519,cpv_only.sps,"same base shader, render bucket, parameters and layouts"
cutout.sps,SHADER_EQ_0019,1,default,3,6e1f9c294ac8ec80,cutout.sps,"same base shader, render bucket, parameters and layouts"
cutout_fence.sps,SHADER_EQ_0020,1,cutout_fence,3,e0dbeaada2e52c81,cutout_fence.sps,"same base shader, render bucket, parameters and layouts"
cutout_fence_normal.sps,SHADER_EQ_0021,1,cutout_fence_normal,3,ae25d0f95f1405d4,cutout_fence_normal.sps,"same base shader, render bucket, parameters and layouts"
cutout_hard.sps,SHADER_EQ_0022,1,cutout_hard,0,823450d0e6ca511e,cutout_hard.sps,"same base shader, render bucket, parameters and layouts"
cutout_spec_tnt.sps,SHADER_EQ_0023,1,spec_tnt,3,a3538da9a760ec88,cutout_spec_tnt.sps,"same base shader, render bucket, parameters and layouts"
cutout_tnt.sps,SHADER_EQ_0024,1,default_tnt,3,1569cc499a7263a5,cutout_tnt.sps,"same base shader, render bucket, parameters and layouts"
cutout_um.sps,SHADER_EQ_0025,1,default_um,3,b1d7da839a844184,cutout_um.sps,"same base shader, render bucket, parameters and layouts"
decal.sps,SHADER_EQ_0026,1,decal,2,4c27bd671aca9146,decal.sps,"same base shader, render bucket, parameters and layouts"
decal_amb_only.sps,SHADER_EQ_0027,1,decal_amb_only,2,139009de90c80077,decal_amb_only.sps,"same base shader, render bucket, parameters and layouts"
decal_diff_only_um.sps,SHADER_EQ_0028,1,decal_diff_only_um,2,be5e4cce823cabe8,decal_diff_only_um.sps,"same base shader, render bucket, parameters and layouts"
decal_dirt.sps,SHADER_EQ_0029,1,decal_dirt,2,dcc0170629f8b9de,decal_dirt.sps,"same base shader, render bucket, parameters and layouts"
decal_emissive_only.sps,SHADER_EQ_0030,1,decal_emissive_only,2,aadf6c15f78e096d,decal_emissive_only.sps,"same base shader, render bucket, parameters and layouts"
decal_emissivenight_only.sps,SHADER_EQ_0031,1,decal_emissivenight_only,2,f070200972bee024,decal_emissivenight_only.sps,"same base shader, render bucket, parameters and layouts"
decal_glue.sps,SHADER_EQ_0032,1,decal_glue,2,5cd557f1c8672ad1,decal_glue.sps,"same base shader, render bucket, parameters and layouts"
decal_normal_only.sps,SHADER_EQ_0033,1,decal_normal_only,2,0441b6ba5691fa83,decal_normal_only.sps,"same base shader, render bucket, parameters and layouts"
decal_normal_spec_um.sps,SHADER_EQ_0034,1,decal_normal_spec_um,2,8dbbfe5a25ab5732,decal_normal_spec_um.sps,"same base shader, render bucket, parameters and layouts"
decal_shadow_only.sps,SHADER_EQ_0035,1,decal_shadow_only,2,508a7b6de1181764,decal_shadow_only.sps,"same base shader, render bucket, parameters and layouts"
decal_spec_only.sps,SHADER_EQ_0036,1,decal_spec_only,2,faab671b3e4d1a72,decal_spec_only.sps,"same base shader, render bucket, parameters and layouts"
decal_tnt.sps,SHADER_EQ_0037,1,decal_tnt,2,2ab0d44b7d48d1bb,decal_tnt.sps,"same base shader, render bucket, parameters and layouts"
default.sps,SHADER_EQ_0038,3,default,0,6e1f9c294ac8ec80,default.sps | default_noedge.sps | gta_default.sps,"same base shader, render bucket, parameters and layouts"
default_noedge.sps,SHADER_EQ_0038,3,default,0,6e1f9c294ac8ec80,default.sps | default_noedge.sps | gta_default.sps,"same base shader, render bucket, parameters and layouts"
gta_default.sps,SHADER_EQ_0038,3,default,0,6e1f9c294ac8ec80,default.sps | default_noedge.sps | gta_default.sps,"same base shader, render bucket, parameters and layouts"
default_detail.sps,SHADER_EQ_0039,1,default_detail,0,677be7ea94cfa3c7,default_detail.sps,"same base shader, render bucket, parameters and layouts"
default_spec.sps,SHADER_EQ_0040,2,default_spec,0,95a4aa86c3339864,default_spec.sps | spec_const.sps,"same base shader, render bucket, parameters and layouts"
spec_const.sps,SHADER_EQ_0040,2,default_spec,0,95a4aa86c3339864,default_spec.sps | spec_const.sps,"same base shader, render bucket, parameters and layouts"
default_terrain_wet.sps,SHADER_EQ_0041,1,default_terrain_wet,0,8f02149f7c4b07c4,default_terrain_wet.sps,"same base shader, render bucket, parameters and layouts"
default_tnt.sps,SHADER_EQ_0042,1,default_tnt,0,1569cc499a7263a5,default_tnt.sps,"same base shader, render bucket, parameters and layouts"
default_um.sps,SHADER_EQ_0043,1,default_um,0,b1d7da839a844184,default_um.sps,"same base shader, render bucket, parameters and layouts"
distance_map.sps,SHADER_EQ_0044,1,distance_map,2,578e4b36953a4ab7,distance_map.sps,"same base shader, render bucket, parameters and layouts"
emissive.sps,SHADER_EQ_0045,1,emissive,0,d6cbc8c67fbedc32,emissive.sps,"same base shader, render bucket, parameters and layouts"
emissive_additive_alpha.sps,SHADER_EQ_0046,1,emissive_additive_alpha,1,eca70c81517ca263,emissive_additive_alpha.sps,"same base shader, render bucket, parameters and layouts"
emissive_additive_uv_alpha.sps,SHADER_EQ_0047,1,emissive_additive_uv_alpha,1,ad09165b8b67c524,emissive_additive_uv_alpha.sps,"same base shader, render bucket, parameters and layouts"
emissive_alpha.sps,SHADER_EQ_0048,1,emissive,1,d6cbc8c67fbedc32,emissive_alpha.sps,"same base shader, render bucket, parameters and layouts"
emissive_alpha_tnt.sps,SHADER_EQ_0049,1,emissive_tnt,1,ca1ab5a6102e8fad,emissive_alpha_tnt.sps,"same base shader, render bucket, parameters and layouts"
emissive_clip.sps,SHADER_EQ_0050,1,emissive_clip,0,24975805cbc9f3ae,emissive_clip.sps,"same base shader, render bucket, parameters and layouts"
emissive_speclum.sps,SHADER_EQ_0051,1,emissive_speclum,0,b7af6a545230533e,emissive_speclum.sps,"same base shader, render bucket, parameters and layouts"
emissive_tnt.sps,SHADER_EQ_0052,1,emissive_tnt,0,ca1ab5a6102e8fad,emissive_tnt.sps,"same base shader, render bucket, parameters and layouts"
emissivenight.sps,SHADER_EQ_0053,1,emissivenight,0,e838c3416b68db25,emissivenight.sps,"same base shader, render bucket, parameters and layouts"
emissivenight_alpha.sps,SHADER_EQ_0054,1,emissivenight,1,e838c3416b68db25,emissivenight_alpha.sps,"same base shader, render bucket, parameters and layouts"
emissivenight_geomnightonly.sps,SHADER_EQ_0055,1,emissivenight_geomnightonly,0,9e8fc13c5b597793,emissivenight_geomnightonly.sps,"same base shader, render bucket, parameters and layouts"
emissivestrong.sps,SHADER_EQ_0056,1,emissivestrong,0,43d547ef04c73a28,emissivestrong.sps,"same base shader, render bucket, parameters and layouts"
emissivestrong_alpha.sps,SHADER_EQ_0057,1,emissivestrong,1,43d547ef04c73a28,emissivestrong_alpha.sps,"same base shader, render bucket, parameters and layouts"
glass.sps,SHADER_EQ_0058,1,glass,1,f4ccf1d514861ad1,glass.sps,"same base shader, render bucket, parameters and layouts"
glass_breakable.sps,SHADER_EQ_0059,1,glass_breakable,1,21a196dbff6c397b,glass_breakable.sps,"same base shader, render bucket, parameters and layouts"
glass_breakable_screendooralpha.sps,SHADER_EQ_0060,1,glass_breakable,3,21a196dbff6c397b,glass_breakable_screendooralpha.sps,"same base shader, render bucket, parameters and layouts"
glass_displacement.sps,SHADER_EQ_0061,1,glass_displacement,7,cbe4960b4d9dd096,glass_displacement.sps,"same base shader, render bucket, parameters and layouts"
glass_emissive.sps,SHADER_EQ_0062,1,glass_emissive,0,d8b369439ba3da91,glass_emissive.sps,"same base shader, render bucket, parameters and layouts"
glass_emissive_alpha.sps,SHADER_EQ_0063,1,glass_emissive,1,d8b369439ba3da91,glass_emissive_alpha.sps,"same base shader, render bucket, parameters and layouts"
glass_emissivenight.sps,SHADER_EQ_0064,2,glass_emissivenight,1,c80ffdcf3875dbbe,glass_emissivenight.sps | glass_emissivenight_alpha.sps,"same base shader, render bucket, parameters and layouts"
glass_emissivenight_alpha.sps,SHADER_EQ_0064,2,glass_emissivenight,1,c80ffdcf3875dbbe,glass_emissivenight.sps | glass_emissivenight_alpha.sps,"same base shader, render bucket, parameters and layouts"
glass_env.sps,SHADER_EQ_0065,1,glass_env,1,4b2bf30b0295ef3b,glass_env.sps,"same base shader, render bucket, parameters and layouts"
glass_normal_spec_reflect.sps,SHADER_EQ_0066,1,glass_normal_spec_reflect,1,dfaac5bb186aed6e,glass_normal_spec_reflect.sps,"same base shader, render bucket, parameters and layouts"
glass_pv.sps,SHADER_EQ_0067,1,glass_pv,1,748155149f334d46,glass_pv.sps,"same base shader, render bucket, parameters and layouts"
glass_pv_env.sps,SHADER_EQ_0068,1,glass_pv_env,1,40e94a006464e233,glass_pv_env.sps,"same base shader, render bucket, parameters and layouts"
glass_reflect.sps,SHADER_EQ_0069,1,glass_reflect,1,f9f67d257b590746,glass_reflect.sps,"same base shader, render bucket, parameters and layouts"
glass_spec.sps,SHADER_EQ_0070,1,glass_spec,1,8571759b9d3a22ac,glass_spec.sps,"same base shader, render bucket, parameters and layouts"
grass.sps,SHADER_EQ_0071,1,grass,3,9781e480b6c2c908,grass.sps,"same base shader, render bucket, parameters and layouts"
grass_batch.sps,SHADER_EQ_0072,1,grass_batch,3,9052b98f493a6643,grass_batch.sps,"same base shader, render bucket, parameters and layouts"
grass_fur.sps,SHADER_EQ_0073,1,grass_fur,3,16f37795ba96e467,grass_fur.sps,"same base shader, render bucket, parameters and layouts"
grass_fur_mask.sps,SHADER_EQ_0074,1,grass_fur_mask,3,560eb12f3e97e118,grass_fur_mask.sps,"same base shader, render bucket, parameters and layouts"
gta_normal.sps,SHADER_EQ_0075,2,normal,0,09aac5da7e515c6f,gta_normal.sps | normal.sps,"same base shader, render bucket, parameters and layouts"
normal.sps,SHADER_EQ_0075,2,normal,0,09aac5da7e515c6f,gta_normal.sps | normal.sps,"same base shader, render bucket, parameters and layouts"
gta_radar.sps,SHADER_EQ_0076,2,radar,0,d4546522ef41ade9,gta_radar.sps | radar.sps,"same base shader, render bucket, parameters and layouts"
radar.sps,SHADER_EQ_0076,2,radar,0,d4546522ef41ade9,gta_radar.sps | radar.sps,"same base shader, render bucket, parameters and layouts"
gta_reflect_alpha.sps,SHADER_EQ_0077,2,reflect,1,e1886e22745115ec,gta_reflect_alpha.sps | reflect_alpha.sps,"same base shader, render bucket, parameters and layouts"
reflect_alpha.sps,SHADER_EQ_0077,2,reflect,1,e1886e22745115ec,gta_reflect_alpha.sps | reflect_alpha.sps,"same base shader, render bucket, parameters and layouts"
gta_spec.sps,SHADER_EQ_0078,2,spec,0,671d5dc65c755ecd,gta_spec.sps | spec.sps,"same base shader, render bucket, parameters and layouts"
spec.sps,SHADER_EQ_0078,2,spec,0,671d5dc65c755ecd,gta_spec.sps | spec.sps,"same base shader, render bucket, parameters and layouts"
minimap.sps,SHADER_EQ_0079,1,minimap,0,a891700e5451091c,minimap.sps,"same base shader, render bucket, parameters and layouts"
mirror_crack.sps,SHADER_EQ_0080,1,mirror_crack,1,d2a2e2b757016ff6,mirror_crack.sps,"same base shader, render bucket, parameters and layouts"
mirror_decal.sps,SHADER_EQ_0081,1,mirror_decal,1,c1cbd94344d46994,mirror_decal.sps,"same base shader, render bucket, parameters and layouts"
mirror_default.sps,SHADER_EQ_0082,1,mirror_default,1,97f46c0b74f8492b,mirror_default.sps,"same base shader, render bucket, parameters and layouts"
normal_alpha.sps,SHADER_EQ_0083,1,normal,1,09aac5da7e515c6f,normal_alpha.sps,"same base shader, render bucket, parameters and layouts"
normal_cubemap_reflect.sps,SHADER_EQ_0084,1,normal_cubemap_reflect,0,60c02d58e9e62f40,normal_cubemap_reflect.sps,"same base shader, render bucket, parameters and layouts"
normal_cutout.sps,SHADER_EQ_0085,2,normal,3,09aac5da7e515c6f,normal_cutout.sps | normal_screendooralpha.sps,"same base shader, render bucket, parameters and layouts"
normal_screendooralpha.sps,SHADER_EQ_0085,2,normal,3,09aac5da7e515c6f,normal_cutout.sps | normal_screendooralpha.sps,"same base shader, render bucket, parameters and layouts"
normal_cutout_tnt.sps,SHADER_EQ_0086,1,normal_tnt,3,d55a376bba462e6b,normal_cutout_tnt.sps,"same base shader, render bucket, parameters and layouts"
normal_cutout_um.sps,SHADER_EQ_0087,1,normal_um,3,4f4575e6610e45b2,normal_cutout_um.sps,"same base shader, render bucket, parameters and layouts"
normal_decal.sps,SHADER_EQ_0088,1,normal_decal,2,4a380f0cde84d28c,normal_decal.sps,"same base shader, render bucket, parameters and layouts"
normal_decal_pxm.sps,SHADER_EQ_0089,1,normal_decal_pxm,2,a41b037c46d6c5a4,normal_decal_pxm.sps,"same base shader, render bucket, parameters and layouts"
normal_decal_pxm_tnt.sps,SHADER_EQ_0090,1,normal_decal_pxm_tnt,2,2495e6251f870542,normal_decal_pxm_tnt.sps,"same base shader, render bucket, parameters and layouts"
normal_decal_tnt.sps,SHADER_EQ_0091,1,normal_decal_tnt,2,49e0c262a223e572,normal_decal_tnt.sps,"same base shader, render bucket, parameters and layouts"
normal_detail.sps,SHADER_EQ_0092,1,normal_detail,0,f90c7b95354064e9,normal_detail.sps,"same base shader, render bucket, parameters and layouts"
normal_detail_dpm.sps,SHADER_EQ_0093,1,normal_detail_dpm,0,b23898c4b28fe503,normal_detail_dpm.sps,"same base shader, render bucket, parameters and layouts"
normal_diffspec.sps,SHADER_EQ_0094,1,normal_diffspec,0,72e873d9e7b9ed9b,normal_diffspec.sps,"same base shader, render bucket, parameters and layouts"
normal_diffspec_detail.sps,SHADER_EQ_0095,1,normal_diffspec_detail,0,2d1fab60915f6a72,normal_diffspec_detail.sps,"same base shader, render bucket, parameters and layouts"
normal_diffspec_detail_dpm.sps,SHADER_EQ_0096,1,normal_diffspec_detail_dpm,0,9da18f69edfa0723,normal_diffspec_detail_dpm.sps,"same base shader, render bucket, parameters and layouts"
normal_diffspec_detail_dpm_tnt.sps,SHADER_EQ_0097,1,normal_diffspec_detail_dpm_tnt,0,dfa9b5cdad156147,normal_diffspec_detail_dpm_tnt.sps,"same base shader, render bucket, parameters and layouts"
normal_diffspec_detail_tnt.sps,SHADER_EQ_0098,1,normal_diffspec_detail_tnt,0,c88be6b2b14979e0,normal_diffspec_detail_tnt.sps,"same base shader, render bucket, parameters and layouts"
normal_diffspec_tnt.sps,SHADER_EQ_0099,1,normal_diffspec_tnt,0,76e7c4a07ef031c3,normal_diffspec_tnt.sps,"same base shader, render bucket, parameters and layouts"
normal_pxm.sps,SHADER_EQ_0100,1,normal_pxm,0,efe28f2eecb9853b,normal_pxm.sps,"same base shader, render bucket, parameters and layouts"
normal_pxm_tnt.sps,SHADER_EQ_0101,2,normal_pxm_tnt,0,90292641e2acd1ab,normal_pxm_tnt.sps | normal_tnt_pxm.sps,"same base shader, render bucket, parameters and layouts"
normal_tnt_pxm.sps,SHADER_EQ_0101,2,normal_pxm_tnt,0,90292641e2acd1ab,normal_pxm_tnt.sps | normal_tnt_pxm.sps,"same base shader, render bucket, parameters and layouts"
normal_reflect.sps,SHADER_EQ_0102,1,normal_reflect,0,218e82493277962a,normal_reflect.sps,"same base shader, render bucket, parameters and layouts"
normal_reflect_alpha.sps,SHADER_EQ_0103,1,normal_reflect,1,218e82493277962a,normal_reflect_alpha.sps,"same base shader, render bucket, parameters and layouts"
normal_reflect_decal.sps,SHADER_EQ_0104,1,normal_reflect_decal,2,1d286650c5fa913f,normal_reflect_decal.sps,"same base shader, render bucket, parameters and layouts"
normal_reflect_screendooralpha.sps,SHADER_EQ_0105,1,normal_reflect,3,218e82493277962a,normal_reflect_screendooralpha.sps,"same base shader, render bucket, parameters and layouts"
normal_spec.sps,SHADER_EQ_0106,1,normal_spec,0,8c261aca87b5e56f,normal_spec.sps,"same base shader, render bucket, parameters and layouts"
normal_spec_alpha.sps,SHADER_EQ_0107,1,normal_spec,1,8c261aca87b5e56f,normal_spec_alpha.sps,"same base shader, render bucket, parameters and layouts"
normal_spec_batch.sps,SHADER_EQ_0108,1,normal_spec_batch,3,434efe7a4b7e634a,normal_spec_batch.sps,"same base shader, render bucket, parameters and layouts"
normal_spec_cubemap_reflect.sps,SHADER_EQ_0109,1,normal_spec_cubemap_reflect,0,2b84d018a6c9853d,normal_spec_cubemap_reflect.sps,"same base shader, render bucket, parameters and layouts"
normal_spec_cutout.sps,SHADER_EQ_0110,2,normal_spec,3,8c261aca87b5e56f,normal_spec_cutout.sps | normal_spec_screendooralpha.sps,"same base shader, render bucket, parameters and layouts"
normal_spec_screendooralpha.sps,SHADER_EQ_0110,2,normal_spec,3,8c261aca87b5e56f,normal_spec_cutout.sps | normal_spec_screendooralpha.sps,"same base shader, render bucket, parameters and layouts"
normal_spec_cutout_tnt.sps,SHADER_EQ_0111,1,normal_spec_tnt,3,2500f7171085041a,normal_spec_cutout_tnt.sps,"same base shader, render bucket, parameters and layouts"
normal_spec_decal.sps,SHADER_EQ_0112,1,normal_spec_decal,2,9f3a4b35e9d5bd78,normal_spec_decal.sps,"same base shader, render bucket, parameters and layouts"
normal_spec_decal_detail.sps,SHADER_EQ_0113,1,normal_spec_decal_detail,2,56f54ce5a7bb05ed,normal_spec_decal_detail.sps,"same base shader, render bucket, parameters and layouts"
normal_spec_decal_nopuddle.sps,SHADER_EQ_0114,1,normal_spec_decal_nopuddle,2,0f8f5851712c46b4,normal_spec_decal_nopuddle.sps,"same base shader, render bucket, parameters and layouts"
normal_spec_decal_pxm.sps,SHADER_EQ_0115,1,normal_spec_decal_pxm,2,fa8fc9ce8ab64bec,normal_spec_decal_pxm.sps,"same base shader, render bucket, parameters and layouts"
normal_spec_decal_tnt.sps,SHADER_EQ_0116,1,normal_spec_decal_tnt,2,abeb407f78feb472,normal_spec_decal_tnt.sps,"same base shader, render bucket, parameters and layouts"
normal_spec_detail.sps,SHADER_EQ_0117,1,normal_spec_detail,0,967f46196e1997fe,normal_spec_detail.sps,"same base shader, render bucket, parameters and layouts"
normal_spec_detail_dpm.sps,SHADER_EQ_0118,1,normal_spec_detail_dpm,0,80d04b47e6048610,normal_spec_detail_dpm.sps,"same base shader, render bucket, parameters and layouts"
normal_spec_detail_dpm_tnt.sps,SHADER_EQ_0119,1,normal_spec_detail_dpm_tnt,0,4c8a88bb69c3b230,normal_spec_detail_dpm_tnt.sps,"same base shader, render bucket, parameters and layouts"
normal_spec_detail_dpm_vertdecal_tnt.sps,SHADER_EQ_0120,1,normal_spec_detail_dpm_vertdecal_tnt,0,81c974d5113e96e9,normal_spec_detail_dpm_vertdecal_tnt.sps,"same base shader, render bucket, parameters and layouts"
normal_spec_detail_tnt.sps,SHADER_EQ_0121,1,normal_spec_detail_tnt,0,8ecd1f0377a62d86,normal_spec_detail_tnt.sps,"same base shader, render bucket, parameters and layouts"
normal_spec_dpm.sps,SHADER_EQ_0122,1,normal_spec_dpm,0,29906242177f270e,normal_spec_dpm.sps,"same base shader, render bucket, parameters and layouts"
normal_spec_emissive.sps,SHADER_EQ_0123,1,normal_spec_emissive,0,458e757365676583,normal_spec_emissive.sps,"same base shader, render bucket, parameters and layouts"
normal_spec_pxm.sps,SHADER_EQ_0124,1,normal_spec_pxm,0,429d214eb5cd5bf4,normal_spec_pxm.sps,"same base shader, render bucket, parameters and layouts"
normal_spec_pxm_tnt.sps,SHADER_EQ_0125,2,normal_spec_pxm_tnt,0,2a9768f7d7e6b304,normal_spec_pxm_tnt.sps | normal_spec_tnt_pxm.sps,"same base shader, render bucket, parameters and layouts"
normal_spec_tnt_pxm.sps,SHADER_EQ_0125,2,normal_spec_pxm_tnt,0,2a9768f7d7e6b304,normal_spec_pxm_tnt.sps | normal_spec_tnt_pxm.sps,"same base shader, render bucket, parameters and layouts"
normal_spec_reflect.sps,SHADER_EQ_0126,1,normal_spec_reflect,0,9c34b8670090713d,normal_spec_reflect.sps,"same base shader, render bucket, parameters and layouts"
normal_spec_reflect_alpha.sps,SHADER_EQ_0127,1,normal_spec_reflect,1,9c34b8670090713d,normal_spec_reflect_alpha.sps,"same base shader, render bucket, parameters and layouts"
normal_spec_reflect_decal.sps,SHADER_EQ_0128,1,normal_spec_reflect_decal,2,1895d3efedf8e82b,normal_spec_reflect_decal.sps,"same base shader, render bucket, parameters and layouts"
normal_spec_reflect_emissivenight.sps,SHADER_EQ_0129,1,normal_spec_reflect_emissivenight,0,9605b036b22f32e8,normal_spec_reflect_emissivenight.sps,"same base shader, render bucket, parameters and layouts"
normal_spec_reflect_emissivenight_alpha.sps,SHADER_EQ_0130,1,normal_spec_reflect_emissivenight,1,9605b036b22f32e8,normal_spec_reflect_emissivenight_alpha.sps,"same base shader, render bucket, parameters and layouts"
normal_spec_tnt.sps,SHADER_EQ_0131,1,normal_spec_tnt,0,2500f7171085041a,normal_spec_tnt.sps,"same base shader, render bucket, parameters and layouts"
normal_spec_um.sps,SHADER_EQ_0132,1,normal_spec_um,0,468ea5e4db63468c,normal_spec_um.sps,"same base shader, render bucket, parameters and layouts"
normal_spec_wrinkle.sps,SHADER_EQ_0133,1,normal_spec_wrinkle,0,2f293ecf235451e1,normal_spec_wrinkle.sps,"same base shader, render bucket, parameters and layouts"
normal_terrain_wet.sps,SHADER_EQ_0134,1,normal_terrain_wet,0,c1e002d8a67b6839,normal_terrain_wet.sps,"same base shader, render bucket, parameters and layouts"
normal_tnt.sps,SHADER_EQ_0135,1,normal_tnt,0,d55a376bba462e6b,normal_tnt.sps,"same base shader, render bucket, parameters and layouts"
normal_tnt_alpha.sps,SHADER_EQ_0136,1,normal_tnt,1,d55a376bba462e6b,normal_tnt_alpha.sps,"same base shader, render bucket, parameters and layouts"
normal_um.sps,SHADER_EQ_0137,1,normal_um,0,4f4575e6610e45b2,normal_um.sps,"same base shader, render bucket, parameters and layouts"
normal_um_tnt.sps,SHADER_EQ_0138,1,normal_um_tnt,0,5ab9886b124aaaba,normal_um_tnt.sps,"same base shader, render bucket, parameters and layouts"
parallax.sps,SHADER_EQ_0139,1,parallax,0,569fa79044938de5,parallax.sps,"same base shader, render bucket, parameters and layouts"
parallax_specmap.sps,SHADER_EQ_0140,1,parallax_specmap,0,baa9b7b4878326a3,parallax_specmap.sps,"same base shader, render bucket, parameters and layouts"
ped.sps,SHADER_EQ_0141,1,ped,0,c64d1748346c8d0d,ped.sps,"same base shader, render bucket, parameters and layouts"
ped_alpha.sps,SHADER_EQ_0142,1,ped_alpha,1,7b2824b46ec95c38,ped_alpha.sps,"same base shader, render bucket, parameters and layouts"
ped_cloth.sps,SHADER_EQ_0143,1,ped_cloth,0,2d55e5b38cb3913e,ped_cloth.sps,"same base shader, render bucket, parameters and layouts"
ped_cloth_enveff.sps,SHADER_EQ_0144,1,ped_cloth_enveff,0,2719910826fe1444,ped_cloth_enveff.sps,"same base shader, render bucket, parameters and layouts"
ped_decal.sps,SHADER_EQ_0145,1,ped_decal,2,97a7f52ec16a7ef4,ped_decal.sps,"same base shader, render bucket, parameters and layouts"
ped_decal_decoration.sps,SHADER_EQ_0146,1,ped_decal_decoration,2,8d965a96cc98ea41,ped_decal_decoration.sps,"same base shader, render bucket, parameters and layouts"
ped_decal_expensive.sps,SHADER_EQ_0147,1,ped_decal_exp,2,9120f49511bafc5c,ped_decal_expensive.sps,"same base shader, render bucket, parameters and layouts"
ped_decal_nodiff.sps,SHADER_EQ_0148,1,ped_decal_nodiff,2,a4fd0c300ed36346,ped_decal_nodiff.sps,"same base shader, render bucket, parameters and layouts"
ped_default.sps,SHADER_EQ_0149,1,ped_default,0,684689f349d84573,ped_default.sps,"same base shader, render bucket, parameters and layouts"
ped_default_cloth.sps,SHADER_EQ_0150,1,ped_default_cloth,0,ec72999c5cff5d87,ped_default_cloth.sps,"same base shader, render bucket, parameters and layouts"
ped_default_cutout.sps,SHADER_EQ_0151,1,ped_default,3,684689f349d84573,ped_default_cutout.sps,"same base shader, render bucket, parameters and layouts"
ped_default_enveff.sps,SHADER_EQ_0152,1,ped_default_enveff,0,19585bf14677d457,ped_default_enveff.sps,"same base shader, render bucket, parameters and layouts"
ped_default_mp.sps,SHADER_EQ_0153,1,ped_default_mp,0,a71a55af745573df,ped_default_mp.sps,"same base shader, render bucket, parameters and layouts"
ped_default_palette.sps,SHADER_EQ_0154,1,ped_default_palette,0,469945c650d035ca,ped_default_palette.sps,"same base shader, render bucket, parameters and layouts"
ped_emissive.sps,SHADER_EQ_0155,1,ped_emissive,0,1a743685490460be,ped_emissive.sps,"same base shader, render bucket, parameters and layouts"
ped_enveff.sps,SHADER_EQ_0156,1,ped_enveff,0,4649cf43dbd949c2,ped_enveff.sps,"same base shader, render bucket, parameters and layouts"
ped_fur.sps,SHADER_EQ_0157,1,ped_fur,3,e43b777a9c6b5ee9,ped_fur.sps,"same base shader, render bucket, parameters and layouts"
ped_hair_cutout_alpha.sps,SHADER_EQ_0158,1,ped_hair_cutout_alpha,3,2ddfa2a0bd1bfde6,ped_hair_cutout_alpha.sps,"same base shader, render bucket, parameters and layouts"
ped_hair_cutout_alpha_cloth.sps,SHADER_EQ_0159,1,ped_hair_cutout_alpha_cloth,3,e3a00c59febab279,ped_hair_cutout_alpha_cloth.sps,"same base shader, render bucket, parameters and layouts"
ped_hair_spiked.sps,SHADER_EQ_0160,1,ped_hair_spiked,3,9d99903554acb6a7,ped_hair_spiked.sps,"same base shader, render bucket, parameters and layouts"
ped_nopeddamagedecals.sps,SHADER_EQ_0161,1,ped_nopeddamagedecals,0,8d965a96cc98ea41,ped_nopeddamagedecals.sps,"same base shader, render bucket, parameters and layouts"
ped_palette.sps,SHADER_EQ_0162,1,ped_palette,0,dc30abf041f1abdf,ped_palette.sps,"same base shader, render bucket, parameters and layouts"
ped_wrinkle.sps,SHADER_EQ_0163,1,ped_wrinkle,0,99d5bf4f8facc8d4,ped_wrinkle.sps,"same base shader, render bucket, parameters and layouts"
ped_wrinkle_cloth.sps,SHADER_EQ_0164,1,ped_wrinkle_cloth,0,99d5bf4f8facc8d4,ped_wrinkle_cloth.sps,"same base shader, render bucket, parameters and layouts"
ped_wrinkle_cloth_enveff.sps,SHADER_EQ_0165,1,ped_wrinkle_cloth_enveff,0,934f5b40ae3e931b,ped_wrinkle_cloth_enveff.sps,"same base shader, render bucket, parameters and layouts"
ped_wrinkle_cs.sps,SHADER_EQ_0166,1,ped_wrinkle_cs,0,8eac5abedafa8d13,ped_wrinkle_cs.sps,"same base shader, render bucket, parameters and layouts"
ped_wrinkle_enveff.sps,SHADER_EQ_0167,1,ped_wrinkle_enveff,0,78522fa2a16044dd,ped_wrinkle_enveff.sps,"same base shader, render bucket, parameters and layouts"
ptfx_model.sps,SHADER_EQ_0168,1,ptfx_model,1,95c68299d18da383,ptfx_model.sps,"same base shader, render bucket, parameters and layouts"
reflect.sps,SHADER_EQ_0169,1,reflect,0,e1886e22745115ec,reflect.sps,"same base shader, render bucket, parameters and layouts"
reflect_decal.sps,SHADER_EQ_0170,1,reflect_decal,2,0990d7d0023553ec,reflect_decal.sps,"same base shader, render bucket, parameters and layouts"
sky_system.sps,SHADER_EQ_0171,1,sky_system,0,9d99cc090aa3ca6e,sky_system.sps,"same base shader, render bucket, parameters and layouts"
spec_alpha.sps,SHADER_EQ_0172,1,spec,1,671d5dc65c755ecd,spec_alpha.sps,"same base shader, render bucket, parameters and layouts"
spec_decal.sps,SHADER_EQ_0173,1,spec_decal,2,098d771ec00ccdd2,spec_decal.sps,"same base shader, render bucket, parameters and layouts"
spec_reflect.sps,SHADER_EQ_0174,1,spec_reflect,0,d48c1dc062dd125d,spec_reflect.sps,"same base shader, render bucket, parameters and layouts"
spec_reflect_alpha.sps,SHADER_EQ_0175,1,spec_reflect,1,d48c1dc062dd125d,spec_reflect_alpha.sps,"same base shader, render bucket, parameters and layouts"
spec_reflect_decal.sps,SHADER_EQ_0176,1,spec_reflect_decal,2,b9a8e68d0ecc1e85,spec_reflect_decal.sps,"same base shader, render bucket, parameters and layouts"
spec_screendooralpha.sps,SHADER_EQ_0177,1,spec,3,671d5dc65c755ecd,spec_screendooralpha.sps,"same base shader, render bucket, parameters and layouts"
spec_tnt.sps,SHADER_EQ_0178,1,spec_tnt,0,a3538da9a760ec88,spec_tnt.sps,"same base shader, render bucket, parameters and layouts"
spec_twiddle_tnt.sps,SHADER_EQ_0179,1,spec_twiddle_tnt,0,10385a3a09615ee3,spec_twiddle_tnt.sps,"same base shader, render bucket, parameters and layouts"
terrain_cb_4lyr.sps,SHADER_EQ_0180,1,terrain_cb_4lyr,0,926f6ce0752e5d52,terrain_cb_4lyr.sps,"same base shader, render bucket, parameters and layouts"
terrain_cb_4lyr_2tex.sps,SHADER_EQ_0181,1,terrain_cb_4lyr_2tex,0,90c2843d20dd388a,terrain_cb_4lyr_2tex.sps,"same base shader, render bucket, parameters and layouts"
terrain_cb_4lyr_lod.sps,SHADER_EQ_0182,1,terrain_cb_4lyr_lod,0,c6ba22cb0f583ef7,terrain_cb_4lyr_lod.sps,"same base shader, render bucket, parameters and layouts"
terrain_cb_w_4lyr.sps,SHADER_EQ_0183,1,terrain_cb_w_4lyr,0,99e26e8087d7c9f8,terrain_cb_w_4lyr.sps,"same base shader, render bucket, parameters and layouts"
terrain_cb_w_4lyr_2tex.sps,SHADER_EQ_0184,1,terrain_cb_w_4lyr_2tex,0,a563c89cf9c8f332,terrain_cb_w_4lyr_2tex.sps,"same base shader, render bucket, parameters and layouts"
terrain_cb_w_4lyr_2tex_blend.sps,SHADER_EQ_0185,1,terrain_cb_w_4lyr_2tex_blend,0,5e07dd84af9169d1,terrain_cb_w_4lyr_2tex_blend.sps,"same base shader, render bucket, parameters and layouts"
terrain_cb_w_4lyr_2tex_blend_lod.sps,SHADER_EQ_0186,1,terrain_cb_w_4lyr_2tex_blend_lod,0,de2212363fb74582,terrain_cb_w_4lyr_2tex_blend_lod.sps,"same base shader, render bucket, parameters and layouts"
terrain_cb_w_4lyr_2tex_blend_pxm.sps,SHADER_EQ_0187,1,terrain_cb_w_4lyr_2tex_blend_pxm,0,5f2480bd4f3e3da3,terrain_cb_w_4lyr_2tex_blend_pxm.sps,"same base shader, render bucket, parameters and layouts"
terrain_cb_w_4lyr_2tex_blend_pxm_spm.sps,SHADER_EQ_0188,1,terrain_cb_w_4lyr_2tex_blend_pxm_spm,0,8e98400337eb4318,terrain_cb_w_4lyr_2tex_blend_pxm_spm.sps,"same base shader, render bucket, parameters and layouts"
terrain_cb_w_4lyr_2tex_pxm.sps,SHADER_EQ_0189,1,terrain_cb_w_4lyr_2tex_pxm,0,b5b54a1b46aebc31,terrain_cb_w_4lyr_2tex_pxm.sps,"same base shader, render bucket, parameters and layouts"
terrain_cb_w_4lyr_cm.sps,SHADER_EQ_0190,1,terrain_cb_w_4lyr_cm,0,8886cdbed35aafe4,terrain_cb_w_4lyr_cm.sps,"same base shader, render bucket, parameters and layouts"
terrain_cb_w_4lyr_cm_pxm.sps,SHADER_EQ_0191,1,terrain_cb_w_4lyr_cm_pxm,0,8d9fa5e3e66b3add,terrain_cb_w_4lyr_cm_pxm.sps,"same base shader, render bucket, parameters and layouts"
terrain_cb_w_4lyr_cm_pxm_tnt.sps,SHADER_EQ_0192,1,terrain_cb_w_4lyr_cm_pxm_tnt,0,8ede687eabb7eb65,terrain_cb_w_4lyr_cm_pxm_tnt.sps,"same base shader, render bucket, parameters and layouts"
terrain_cb_w_4lyr_cm_tnt.sps,SHADER_EQ_0193,1,terrain_cb_w_4lyr_cm_tnt,0,4e583a7cdbdf2e28,terrain_cb_w_4lyr_cm_tnt.sps,"same base shader, render bucket, parameters and layouts"
terrain_cb_w_4lyr_lod.sps,SHADER_EQ_0194,1,terrain_cb_w_4lyr_lod,0,cbfa205eec490ad2,terrain_cb_w_4lyr_lod.sps,"same base shader, render bucket, parameters and layouts"
terrain_cb_w_4lyr_pxm.sps,SHADER_EQ_0195,1,terrain_cb_w_4lyr_pxm,0,704025e80c68c44d,terrain_cb_w_4lyr_pxm.sps,"same base shader, render bucket, parameters and layouts"
terrain_cb_w_4lyr_pxm_spm.sps,SHADER_EQ_0196,1,terrain_cb_w_4lyr_pxm_spm,0,92b2554ac0578017,terrain_cb_w_4lyr_pxm_spm.sps,"same base shader, render bucket, parameters and layouts"
terrain_cb_w_4lyr_spec.sps,SHADER_EQ_0197,1,terrain_cb_w_4lyr_spec,0,0baeaa5c32d2143a,terrain_cb_w_4lyr_spec.sps,"same base shader, render bucket, parameters and layouts"
terrain_cb_w_4lyr_spec_int.sps,SHADER_EQ_0198,1,terrain_cb_w_4lyr_spec_int,0,e944d0bf7a1353e6,terrain_cb_w_4lyr_spec_int.sps,"same base shader, render bucket, parameters and layouts"
terrain_cb_w_4lyr_spec_int_pxm.sps,SHADER_EQ_0199,1,terrain_cb_w_4lyr_spec_int_pxm,0,2dff26e2224f9359,terrain_cb_w_4lyr_spec_int_pxm.sps,"same base shader, render bucket, parameters and layouts"
terrain_cb_w_4lyr_spec_pxm.sps,SHADER_EQ_0200,1,terrain_cb_w_4lyr_spec_pxm,0,af577e8709ea4ca9,terrain_cb_w_4lyr_spec_pxm.sps,"same base shader, render bucket, parameters and layouts"
trees.sps,SHADER_EQ_0201,1,trees,3,50bed0c9600ae00e,trees.sps,"same base shader, render bucket, parameters and layouts"
trees_lod.sps,SHADER_EQ_0202,1,trees_lod,3,bdb300e26f319531,trees_lod.sps,"same base shader, render bucket, parameters and layouts"
trees_lod2.sps,SHADER_EQ_0203,1,trees_lod2,3,ecf9e37d8ecdda0a,trees_lod2.sps,"same base shader, render bucket, parameters and layouts"
trees_lod_tnt.sps,SHADER_EQ_0204,1,trees_lod_tnt,3,f6fbf100aed9f043,trees_lod_tnt.sps,"same base shader, render bucket, parameters and layouts"
trees_normal.sps,SHADER_EQ_0205,1,trees_normal,3,3bd44f4e20597394,trees_normal.sps,"same base shader, render bucket, parameters and layouts"
trees_normal_diffspec.sps,SHADER_EQ_0206,1,trees_normal_diffspec,3,7b7e2d89130dc3a0,trees_normal_diffspec.sps,"same base shader, render bucket, parameters and layouts"
trees_normal_diffspec_tnt.sps,SHADER_EQ_0207,1,trees_normal_diffspec_tnt,3,14eab9a4029016d2,trees_normal_diffspec_tnt.sps,"same base shader, render bucket, parameters and layouts"
trees_normal_spec.sps,SHADER_EQ_0208,1,trees_normal_spec,3,e7b637670b26f567,trees_normal_spec.sps,"same base shader, render bucket, parameters and layouts"
trees_normal_spec_tnt.sps,SHADER_EQ_0209,1,trees_normal_spec_tnt,3,ce52455c925d9de9,trees_normal_spec_tnt.sps,"same base shader, render bucket, parameters and layouts"
trees_shadow_proxy.sps,SHADER_EQ_0210,1,trees_shadow_proxy,3,c0525b2265bd0d4c,trees_shadow_proxy.sps,"same base shader, render bucket, parameters and layouts"
trees_tnt.sps,SHADER_EQ_0211,1,trees_tnt,3,8174185e0180b93b,trees_tnt.sps,"same base shader, render bucket, parameters and layouts"
vehicle_badges.sps,SHADER_EQ_0212,1,vehicle_badges,1,db65713329d2b176,vehicle_badges.sps,"same base shader, render bucket, parameters and layouts"
vehicle_basic.sps,SHADER_EQ_0213,1,vehicle_basic,0,e9518036d2db1653,vehicle_basic.sps,"same base shader, render bucket, parameters and layouts"
vehicle_blurredrotor.sps,SHADER_EQ_0214,1,vehicle_blurredrotor,1,2819ad6d4099474d,vehicle_blurredrotor.sps,"same base shader, render bucket, parameters and layouts"
vehicle_blurredrotor_emissive.sps,SHADER_EQ_0215,1,vehicle_blurredrotor_emissive,1,4ee6361b1dec1e80,vehicle_blurredrotor_emissive.sps,"same base shader, render bucket, parameters and layouts"
vehicle_cloth.sps,SHADER_EQ_0216,1,vehicle_cloth,0,a10df872fe4c4fea,vehicle_cloth.sps,"same base shader, render bucket, parameters and layouts"
vehicle_cloth2.sps,SHADER_EQ_0217,1,vehicle_cloth2,0,36d5b01040a00b34,vehicle_cloth2.sps,"same base shader, render bucket, parameters and layouts"
vehicle_cutout.sps,SHADER_EQ_0218,1,vehicle_cutout,3,75c2187981639cc3,vehicle_cutout.sps,"same base shader, render bucket, parameters and layouts"
vehicle_dash_emissive.sps,SHADER_EQ_0219,1,vehicle_dash_emissive,1,754c1df58e483142,vehicle_dash_emissive.sps,"same base shader, render bucket, parameters and layouts"
vehicle_dash_emissive_opaque.sps,SHADER_EQ_0220,1,vehicle_dash_emissive_opaque,0,29052957eb4687c6,vehicle_dash_emissive_opaque.sps,"same base shader, render bucket, parameters and layouts"
vehicle_decal.sps,SHADER_EQ_0221,1,vehicle_decal,1,f8b21714aa539701,vehicle_decal.sps,"same base shader, render bucket, parameters and layouts"
vehicle_decal2.sps,SHADER_EQ_0222,1,vehicle_decal2,2,9e2328ccc1604e31,vehicle_decal2.sps,"same base shader, render bucket, parameters and layouts"
vehicle_detail.sps,SHADER_EQ_0223,1,vehicle_detail,0,5190483336a33e1f,vehicle_detail.sps,"same base shader, render bucket, parameters and layouts"
vehicle_detail2.sps,SHADER_EQ_0224,1,vehicle_detail2,0,73443591ad9fba09,vehicle_detail2.sps,"same base shader, render bucket, parameters and layouts"
vehicle_emissive_alpha.sps,SHADER_EQ_0225,1,vehicle_emissive_alpha,1,0f89a04fbc4019f3,vehicle_emissive_alpha.sps,"same base shader, render bucket, parameters and layouts"
vehicle_emissive_opaque.sps,SHADER_EQ_0226,1,vehicle_emissive_opaque,0,88fbe411ff23dc5e,vehicle_emissive_opaque.sps,"same base shader, render bucket, parameters and layouts"
vehicle_generic.sps,SHADER_EQ_0227,1,vehicle_generic,0,a3d1b923c7b901cb,vehicle_generic.sps,"same base shader, render bucket, parameters and layouts"
vehicle_interior.sps,SHADER_EQ_0228,1,vehicle_interior,0,0c8db95449dea49b,vehicle_interior.sps,"same base shader, render bucket, parameters and layouts"
vehicle_interior2.sps,SHADER_EQ_0229,1,vehicle_interior2,0,e7251f9a68a31b2b,vehicle_interior2.sps,"same base shader, render bucket, parameters and layouts"
vehicle_licenseplate.sps,SHADER_EQ_0230,1,vehicle_licenseplate,0,495ebcbc0e62d890,vehicle_licenseplate.sps,"same base shader, render bucket, parameters and layouts"
vehicle_lights.sps,SHADER_EQ_0231,2,vehicle_vehglass,1,366cabcb28b8e88d,vehicle_lights.sps | vehicle_vehglass.sps,"same base shader, render bucket, parameters and layouts"
vehicle_vehglass.sps,SHADER_EQ_0231,2,vehicle_vehglass,1,366cabcb28b8e88d,vehicle_lights.sps | vehicle_vehglass.sps,"same base shader, render bucket, parameters and layouts"
vehicle_lightsemissive.sps,SHADER_EQ_0232,1,vehicle_lightsemissive,1,1c9a45636dbead8b,vehicle_lightsemissive.sps,"same base shader, render bucket, parameters and layouts"
vehicle_lightsemissive_siren.sps,SHADER_EQ_0233,1,vehicle_lightsemissive_siren,1,1c9a45636dbead8b,vehicle_lightsemissive_siren.sps,"same base shader, render bucket, parameters and layouts"
vehicle_mesh.sps,SHADER_EQ_0234,1,vehicle_mesh,0,79ea0fbe29a27ff4,vehicle_mesh.sps,"same base shader, render bucket, parameters and layouts"
vehicle_mesh2_enveff.sps,SHADER_EQ_0235,1,vehicle_mesh2_enveff,0,ae71467b06a025f2,vehicle_mesh2_enveff.sps,"same base shader, render bucket, parameters and layouts"
vehicle_mesh_enveff.sps,SHADER_EQ_0236,1,vehicle_mesh_enveff,0,84e50f3269cdcad5,vehicle_mesh_enveff.sps,"same base shader, render bucket, parameters and layouts"
vehicle_nosplash.sps,SHADER_EQ_0237,1,vehicle_paint1,4,33bea8141e41395e,vehicle_nosplash.sps,"same base shader, render bucket, parameters and layouts"
vehicle_nowater.sps,SHADER_EQ_0238,1,vehicle_paint1,5,33bea8141e41395e,vehicle_nowater.sps,"same base shader, render bucket, parameters and layouts"
vehicle_paint1.sps,SHADER_EQ_0239,1,vehicle_paint1,0,33bea8141e41395e,vehicle_paint1.sps,"same base shader, render bucket, parameters and layouts"
vehicle_paint1_enveff.sps,SHADER_EQ_0240,1,vehicle_paint1_enveff,0,b0faa46671765391,vehicle_paint1_enveff.sps,"same base shader, render bucket, parameters and layouts"
vehicle_paint2.sps,SHADER_EQ_0241,1,vehicle_paint2,0,64caadb0c9f2c143,vehicle_paint2.sps,"same base shader, render bucket, parameters and layouts"
vehicle_paint2_enveff.sps,SHADER_EQ_0242,1,vehicle_paint2_enveff,0,6effac6ea1ef1b74,vehicle_paint2_enveff.sps,"same base shader, render bucket, parameters and layouts"
vehicle_paint3.sps,SHADER_EQ_0243,1,vehicle_paint3,0,ff9181037721e89e,vehicle_paint3.sps,"same base shader, render bucket, parameters and layouts"
vehicle_paint3_enveff.sps,SHADER_EQ_0244,1,vehicle_paint3_enveff,0,71e98669874b64f9,vehicle_paint3_enveff.sps,"same base shader, render bucket, parameters and layouts"
vehicle_paint3_lvr.sps,SHADER_EQ_0245,1,vehicle_paint3_lvr,0,a2e130484944befc,vehicle_paint3_lvr.sps,"same base shader, render bucket, parameters and layouts"
vehicle_paint4.sps,SHADER_EQ_0246,1,vehicle_paint4,0,803085ff21fe4d8e,vehicle_paint4.sps,"same base shader, render bucket, parameters and layouts"
vehicle_paint4_emissive.sps,SHADER_EQ_0247,1,vehicle_paint4_emissive,0,d1674dcf5930e29d,vehicle_paint4_emissive.sps,"same base shader, render bucket, parameters and layouts"
vehicle_paint4_enveff.sps,SHADER_EQ_0248,1,vehicle_paint4_enveff,0,553d918c22bfac52,vehicle_paint4_enveff.sps,"same base shader, render bucket, parameters and layouts"
vehicle_paint5_enveff.sps,SHADER_EQ_0249,1,vehicle_paint5_enveff,0,e956c7c75bff6502,vehicle_paint5_enveff.sps,"same base shader, render bucket, parameters and layouts"
vehicle_paint6.sps,SHADER_EQ_0250,1,vehicle_paint6,0,ccec8aca3331388f,vehicle_paint6.sps,"same base shader, render bucket, parameters and layouts"
vehicle_paint6_enveff.sps,SHADER_EQ_0251,1,vehicle_paint6_enveff,0,40e0aee2e3531942,vehicle_paint6_enveff.sps,"same base shader, render bucket, parameters and layouts"
vehicle_paint7.sps,SHADER_EQ_0252,1,vehicle_paint7,0,6eb8ae2fa5833659,vehicle_paint7.sps,"same base shader, render bucket, parameters and layouts"
vehicle_paint7_enveff.sps,SHADER_EQ_0253,1,vehicle_paint7_enveff,0,e0c1b1db11199015,vehicle_paint7_enveff.sps,"same base shader, render bucket, parameters and layouts"
vehicle_paint8.sps,SHADER_EQ_0254,1,vehicle_paint8,0,c01811eadf45e996,vehicle_paint8.sps,"same base shader, render bucket, parameters and layouts"
vehicle_paint9.sps,SHADER_EQ_0255,1,vehicle_paint9,0,36ee29dbb431060c,vehicle_paint9.sps,"same base shader, render bucket, parameters and layouts"
vehicle_shuts.sps,SHADER_EQ_0256,1,vehicle_shuts,0,528567f5010a57c5,vehicle_shuts.sps,"same base shader, render bucket, parameters and layouts"
vehicle_tire.sps,SHADER_EQ_0257,1,vehicle_tire,0,88699eccba7d3fb1,vehicle_tire.sps,"same base shader, render bucket, parameters and layouts"
vehicle_tire_emissive.sps,SHADER_EQ_0258,1,vehicle_tire_emissive,0,91ef984f78f40706,vehicle_tire_emissive.sps,"same base shader, render bucket, parameters and layouts"
vehicle_track.sps,SHADER_EQ_0259,1,vehicle_track,0,33df7556ecd7b371,vehicle_track.sps,"same base shader, render bucket, parameters and layouts"
vehicle_track2.sps,SHADER_EQ_0260,1,vehicle_track2,0,cc628a5ce85f2435,vehicle_track2.sps,"same base shader, render bucket, parameters and layouts"
vehicle_track2_emissive.sps,SHADER_EQ_0261,1,vehicle_track2_emissive,0,e5ee544a06914fa8,vehicle_track2_emissive.sps,"same base shader, render bucket, parameters and layouts"
vehicle_track_ammo.sps,SHADER_EQ_0262,1,vehicle_track_ammo,0,93785c14ebbb27e5,vehicle_track_ammo.sps,"same base shader, render bucket, parameters and layouts"
vehicle_track_emissive.sps,SHADER_EQ_0263,1,vehicle_track_emissive,0,cf423c5723c8e98b,vehicle_track_emissive.sps,"same base shader, render bucket, parameters and layouts"
vehicle_track_siren.sps,SHADER_EQ_0264,1,vehicle_track_siren,1,d47c21855b1b44df,vehicle_track_siren.sps,"same base shader, render bucket, parameters and layouts"
vehicle_vehglass_inner.sps,SHADER_EQ_0265,1,vehicle_vehglass_inner,1,6b7e731d820460c4,vehicle_vehglass_inner.sps,"same base shader, render bucket, parameters and layouts"
water_decal.sps,SHADER_EQ_0266,1,normal,2,09aac5da7e515c6f,water_decal.sps,"same base shader, render bucket, parameters and layouts"
water_fountain.sps,SHADER_EQ_0267,1,water_fountain,6,b13091344ab82758,water_fountain.sps,"same base shader, render bucket, parameters and layouts"
water_poolenv.sps,SHADER_EQ_0268,1,water_poolenv,6,6ea75e23c0819090,water_poolenv.sps,"same base shader, render bucket, parameters and layouts"
water_river.sps,SHADER_EQ_0269,1,water_river,6,79dcf9abba72f019,water_river.sps,"same base shader, render bucket, parameters and layouts"
water_riverfoam.sps,SHADER_EQ_0270,1,water_riverfoam,6,63075b7afff5ea1b,water_riverfoam.sps,"same base shader, render bucket, parameters and layouts"
water_riverlod.sps,SHADER_EQ_0271,1,water_riverlod,6,6f0dcfcb88ab2cea,water_riverlod.sps,"same base shader, render bucket, parameters and layouts"
water_riverocean.sps,SHADER_EQ_0272,1,water_riverocean,6,3f7f1628ea2deead,water_riverocean.sps,"same base shader, render bucket, parameters and layouts"
water_rivershallow.sps,SHADER_EQ_0273,1,water_rivershallow,6,5c3583ff9112b712,water_rivershallow.sps,"same base shader, render bucket, parameters and layouts"
water_shallow.sps,SHADER_EQ_0274,1,water_shallow,6,ac0aa007c4839b98,water_shallow.sps,"same base shader, render bucket, parameters and layouts"
water_terrainfoam.sps,SHADER_EQ_0275,1,water_terrainfoam,2,04e7d236f182bb62,water_terrainfoam.sps,"same base shader, render bucket, parameters and layouts"
weapon_emissive_tnt.sps,SHADER_EQ_0276,1,weapon_emissive_tnt,0,3d7c123222ccfdf5,weapon_emissive_tnt.sps,"same base shader, render bucket, parameters and layouts"
weapon_emissivestrong_alpha.sps,SHADER_EQ_0277,1,weapon_emissivestrong_alpha,1,fc4790cf46082680,weapon_emissivestrong_alpha.sps,"same base shader, render bucket, parameters and layouts"
weapon_normal_spec_alpha.sps,SHADER_EQ_0278,1,weapon_normal_spec_alpha,1,76a0d7b93a57d2a2,weapon_normal_spec_alpha.sps,"same base shader, render bucket, parameters and layouts"
weapon_normal_spec_cutout_palette.sps,SHADER_EQ_0279,1,weapon_normal_spec_cutout_palette,3,415f64bbe7876587,weapon_normal_spec_cutout_palette.sps,"same base shader, render bucket, parameters and layouts"
weapon_normal_spec_detail_palette.sps,SHADER_EQ_0280,1,weapon_normal_spec_detail_palette,0,df70305e18967f1d,weapon_normal_spec_detail_palette.sps,"same base shader, render bucket, parameters and layouts"
weapon_normal_spec_detail_tnt.sps,SHADER_EQ_0281,1,weapon_normal_spec_detail_tnt,0,b871b4c9c90b30e5,weapon_normal_spec_detail_tnt.sps,"same base shader, render bucket, parameters and layouts"
weapon_normal_spec_palette.sps,SHADER_EQ_0282,1,weapon_normal_spec_palette,0,4d6a1ff6bc49ebe7,weapon_normal_spec_palette.sps,"same base shader, render bucket, parameters and layouts"
weapon_normal_spec_tnt.sps,SHADER_EQ_0283,1,weapon_normal_spec_tnt,0,1aa61d1e69c16339,weapon_normal_spec_tnt.sps,"same base shader, render bucket, parameters and layouts"
